"";"player_id";"fantasy_pts";"year"
"1";"46601";"161.6";"2018"
"2";"46518";"214.1";"2018"
"3";"46452";"-2.2";"2018"
"4";"46416";"127.2";"2018"
"5";"35460";"103";"2018"
"6";"29048";"158.9";"2018"
"7";"26152";"1.5";"2018"
"8";"12324";"0";"2018"
"9";"12282";"102.4";"2018"
"10";"12112";"24.1";"2018"
"11";"12008";"-0.1";"2018"
"12";"11926";"12.8";"2018"
"13";"11890";"0.8";"2018"
"14";"11859";"76";"2018"
"15";"11807";"-0.9";"2018"
"16";"11767";"306.6";"2018"
"17";"11765";"392.7";"2018"
"18";"11757";"246.9";"2018"
"19";"10841";"78";"2018"
"20";"10821";"0";"2018"
"21";"10769";"249.4";"2018"
"22";"10727";"39.7";"2018"
"23";"10725";"-0.6";"2018"
"24";"10636";"192.3";"2018"
"25";"10635";"279.4";"2018"
"26";"9896";"12.9";"2018"
"27";"9522";"-0.1";"2018"
"28";"9435";"167.8";"2018"
"29";"9434";"164.7";"2018"
"30";"8799";"-0.5";"2018"
"31";"8697";"42";"2018"
"32";"8671";"215.3";"2018"
"33";"8667";"-0.7";"2018"
"34";"8638";"169.4";"2018"
"35";"7880";"17.1";"2018"
"36";"7854";"11";"2018"
"37";"7820";"0.7";"2018"
"38";"7323";"195.4";"2018"
"39";"7102";"269.4";"2018"
"40";"7089";"60";"2018"
"41";"7077";"283.6";"2018"
"42";"7059";"67";"2018"
"43";"7028";"-0.1";"2018"
"44";"7014";"136.9";"2018"
"45";"7008";"0.8";"2018"
"46";"7007";"295.4";"2018"
"47";"6332";"39.4";"2018"
"48";"6187";"173.5";"2018"
"49";"6162";"26.4";"2018"
"50";"6153";"272.6";"2018"
"51";"5609";"26.2";"2018"
"52";"5526";"13.7";"2018"
"53";"5277";"-0.2";"2018"
"54";"5214";"24.9";"2018"
"55";"4928";"-0.7";"2018"
"56";"4924";"195.7";"2018"
"57";"4474";"42.7";"2018"
"58";"4332";"136.1";"2018"
"59";"4317";"320.6";"2018"
"60";"2467";"161.8";"2018"
"61";"2447";"1.7";"2018"
"62";"2430";"7.5";"2018"
"63";"2241";"305.5";"2018"
"64";"2218";"134";"2018"
"65";"1811";"-0.2";"2018"
"66";"1732";"316.2";"2018"
"67";"1725";"268";"2018"
"68";"1722";"217.7";"2018"
"69";"1085";"20.8";"2018"
"70";"802";"298.9";"2018"
"71";"698";"253.7";"2018"
"72";"66915";"1";"2018"
"73";"51593";"65.6";"2018"
"74";"48345";"6.6";"2018"
"75";"48316";"1.5";"2018"
"76";"48267";"121.2";"2018"
"77";"48230";"75.5";"2018"
"78";"48164";"112.3";"2018"
"79";"48113";"90";"2018"
"80";"48101";"93.9";"2018"
"81";"48078";"3";"2018"
"82";"47702";"23.4";"2018"
"83";"47546";"102";"2018"
"84";"41406";"0";"2018"
"85";"26104";"2.7";"2018"
"86";"23670";"27.7";"2018"
"87";"12269";"1.5";"2018"
"88";"12249";"1.3";"2018"
"89";"11993";"7.1";"2018"
"90";"11981";"83.4";"2018"
"91";"11839";"125.3";"2018"
"92";"11827";"68.3";"2018"
"93";"11764";"73.8";"2018"
"94";"11762";"142.8";"2018"
"95";"11440";"25.9";"2018"
"96";"11371";"0";"2018"
"97";"11354";"0";"2018"
"98";"11254";"129.5";"2018"
"99";"11141";"51.3";"2018"
"100";"11123";"11.5";"2018"
"101";"11035";"45.4";"2018"
"102";"10875";"3.5";"2018"
"103";"10820";"49.8";"2018"
"104";"10760";"48.4";"2018"
"105";"10741";"33.9";"2018"
"106";"10681";"249.6";"2018"
"107";"10674";"137.9";"2018"
"108";"10656";"82.9";"2018"
"109";"10655";"90.3";"2018"
"110";"9914";"0";"2018"
"111";"9579";"198.6";"2018"
"112";"9572";"7";"2018"
"113";"9540";"32.3";"2018"
"114";"9474";"100.9";"2018"
"115";"9459";"41.7";"2018"
"116";"9447";"48.9";"2018"
"117";"9440";"8.5";"2018"
"118";"8914";"29.3";"2018"
"119";"8843";"67.9";"2018"
"120";"8777";"56";"2018"
"121";"8759";"11";"2018"
"122";"8753";"37.4";"2018"
"123";"8691";"15.3";"2018"
"124";"8688";"272.1";"2018"
"125";"8655";"181.5";"2018"
"126";"8005";"2.7";"2018"
"127";"7855";"2.8";"2018"
"128";"7808";"257.3";"2018"
"129";"7618";"118.2";"2018"
"130";"7416";"-1.1";"2018"
"131";"7211";"4.9";"2018"
"132";"7100";"33.6";"2018"
"133";"7092";"193.9";"2018"
"134";"7048";"137.4";"2018"
"135";"7037";"3.3";"2018"
"136";"6330";"61.6";"2018"
"137";"6210";"39.5";"2018"
"138";"5718";"271.7";"2018"
"139";"5007";"0";"2018"
"140";"4933";"102.7";"2018"
"141";"4350";"110.9";"2018"
"142";"3625";"43";"2018"
"143";"48036";"5.5";"2018"
"144";"48017";"39.4";"2018"
"145";"47477";"9.5";"2018"
"146";"45416";"43.9";"2018"
"147";"38276";"18";"2018"
"148";"22489";"6";"2018"
"149";"11991";"0";"2018"
"150";"11932";"37.3";"2018"
"151";"11894";"-0.4";"2018"
"152";"11824";"115.1";"2018"
"153";"11107";"19.6";"2018"
"154";"10918";"81.9";"2018"
"155";"10008";"20.9";"2018"
"156";"8639";"94.1";"2018"
"157";"7857";"201.2";"2018"
"158";"7118";"70.1";"2018"
"159";"6615";"113.1";"2018"
"160";"6305";"1.7";"2018"
"161";"6216";"65.1";"2018"
"162";"9860";"0";"2018"
"163";"66921";"0";"2018"
"164";"48192";"3.5";"2018"
"165";"48160";"102.7";"2018"
"166";"48033";"0";"2018"
"167";"47967";"43.8";"2018"
"168";"47809";"86.2";"2018"
"169";"47698";"48.7";"2018"
"170";"47669";"12.3";"2018"
"171";"47593";"1.4";"2018"
"172";"47561";"0";"2018"
"173";"47417";"0";"2018"
"174";"21528";"5.9";"2018"
"175";"12163";"0";"2018"
"176";"12144";"1.9";"2018"
"177";"12137";"1.2";"2018"
"178";"11927";"45.5";"2018"
"179";"11920";"1.7";"2018"
"180";"11888";"50.7";"2018"
"181";"11865";"140";"2018"
"182";"11846";"1.2";"2018"
"183";"10816";"0";"2018"
"184";"10774";"58.2";"2018"
"185";"10689";"183.1";"2018"
"186";"10075";"141.6";"2018"
"187";"10038";"12.6";"2018"
"188";"9964";"1.3";"2018"
"189";"9878";"4.7";"2018"
"190";"9859";"27";"2018"
"191";"9520";"1.7";"2018"
"192";"9509";"77.4";"2018"
"193";"9502";"177";"2018"
"194";"9453";"113.3";"2018"
"195";"8999";"100.4";"2018"
"196";"8741";"44.1";"2018"
"197";"8698";"154.4";"2018"
"198";"8254";"35.8";"2018"
"199";"8128";"52.4";"2018"
"200";"7810";"82";"2018"
"201";"7472";"24";"2018"
"202";"7428";"61.6";"2018"
"203";"7330";"99.3";"2018"
"204";"7084";"130.5";"2018"
"205";"6944";"45.1";"2018"
"206";"6489";"22.7";"2018"
"207";"5722";"2.3";"2018"
"208";"5602";"31.5";"2018"
"209";"5585";"136.6";"2018"
"210";"4717";"88.2";"2018"
"211";"1724";"132.3";"2018"
"212";"66957";"13.3";"2018"
"213";"66933";"5.2";"2018"
"214";"66438";"2.8";"2018"
"215";"48262";"162.8";"2018"
"216";"48228";"76.2";"2018"
"217";"48182";"20.9";"2018"
"218";"48181";"0";"2018"
"219";"48088";"0";"2018"
"220";"48021";"33.2";"2018"
"221";"47895";"5.5";"2018"
"222";"47792";"27.8";"2018"
"223";"44771";"6.9";"2018"
"224";"31892";"0";"2018"
"225";"28991";"12.8";"2018"
"226";"26075";"72.7";"2018"
"227";"23254";"0";"2018"
"228";"12303";"53.3";"2018"
"229";"12270";"78.3";"2018"
"230";"12215";"26.2";"2018"
"231";"12087";"42.9";"2018"
"232";"12067";"5.1";"2018"
"233";"11974";"0";"2018"
"234";"11921";"5.3";"2018"
"235";"11883";"1.7";"2018"
"236";"11872";"66";"2018"
"237";"11867";"0";"2018"
"238";"11853";"24";"2018"
"239";"11851";"171.1";"2018"
"240";"11817";"228.2";"2018"
"241";"11795";"105.1";"2018"
"242";"11792";"109.9";"2018"
"243";"11760";"142.8";"2018"
"244";"11231";"11.2";"2018"
"245";"11074";"19";"2018"
"246";"10833";"28.5";"2018"
"247";"10806";"88.1";"2018"
"248";"10799";"258.4";"2018"
"249";"10751";"0";"2018"
"250";"10720";"17.8";"2018"
"251";"10657";"52.5";"2018"
"252";"10649";"10.1";"2018"
"253";"10154";"112";"2018"
"254";"9883";"16.9";"2018"
"255";"9619";"0";"2018"
"256";"9592";"9.9";"2018"
"257";"9538";"67.1";"2018"
"258";"9462";"52.4";"2018"
"259";"9437";"175.4";"2018"
"260";"9292";"0";"2018"
"261";"9079";"79.2";"2018"
"262";"9002";"111.3";"2018"
"263";"8943";"77.7";"2018"
"264";"8931";"45.1";"2018"
"265";"8824";"23";"2018"
"266";"8726";"121.7";"2018"
"267";"8725";"104.7";"2018"
"268";"8696";"126.8";"2018"
"269";"8680";"49.1";"2018"
"270";"8677";"52";"2018"
"271";"8663";"55.1";"2018"
"272";"8647";"181.6";"2018"
"273";"8642";"215.8";"2018"
"274";"8288";"244.6";"2018"
"275";"7991";"15";"2018"
"276";"7926";"105.6";"2018"
"277";"7860";"0";"2018"
"278";"7859";"74.9";"2018"
"279";"7822";"219.1";"2018"
"280";"7815";"3.6";"2018"
"281";"7789";"34";"2018"
"282";"7513";"24.6";"2018"
"283";"7158";"98.3";"2018"
"284";"7019";"18.5";"2018"
"285";"6671";"8.3";"2018"
"286";"6597";"46.2";"2018"
"287";"6468";"79.3";"2018"
"288";"6328";"7.2";"2018"
"289";"6158";"247.1";"2018"
"290";"6156";"126.4";"2018"
"291";"5612";"16.6";"2018"
"292";"5606";"156.6";"2018"
"293";"5547";"127.2";"2018"
"294";"5156";"150.9";"2018"
"295";"4930";"0.7";"2018"
"296";"4519";"46.6";"2018"
"297";"4467";"0";"2018"
"298";"4363";"130.8";"2018"
"299";"3064";"25.1";"2018"
"300";"66446";"38.6";"2018"
"301";"48103";"123.9";"2018"
"302";"47297";"68.8";"2018"
"303";"46027";"79.2";"2018"
"304";"45996";"10";"2018"
"305";"45993";"4.9";"2018"
"306";"45932";"83.2";"2018"
"307";"45851";"49.3";"2018"
"308";"45791";"316.1";"2018"
"309";"45783";"181.5";"2018"
"310";"45747";"81";"2018"
"311";"45741";"29.9";"2018"
"312";"45695";"7.8";"2018"
"313";"45691";"15";"2018"
"314";"45675";"19.4";"2018"
"315";"45662";"67.6";"2018"
"316";"39541";"0";"2018"
"317";"34761";"5.8";"2018"
"318";"34455";"124.4";"2018"
"319";"34001";"17.2";"2018"
"320";"31615";"5.8";"2018"
"321";"29539";"52.6";"2018"
"322";"29413";"38.5";"2018"
"323";"27875";"6.1";"2018"
"324";"27589";"131.6";"2018"
"325";"27414";"65.3";"2018"
"326";"26618";"51.3";"2018"
"327";"25681";"3.1";"2018"
"328";"23614";"11.5";"2018"
"329";"13014";"11.5";"2018"
"330";"12660";"205.3";"2018"
"331";"12271";"150";"2018"
"332";"12253";"66.1";"2018"
"333";"12202";"1.9";"2018"
"334";"12164";"138.5";"2018"
"335";"12006";"0";"2018"
"336";"12004";"173";"2018"
"337";"11958";"0";"2018"
"338";"11943";"71.9";"2018"
"339";"11937";"159.4";"2018"
"340";"11935";"7.4";"2018"
"341";"11917";"0.4";"2018"
"342";"11911";"11.7";"2018"
"343";"11898";"149.3";"2018"
"344";"11895";"28";"2018"
"345";"11889";"95.4";"2018"
"346";"11874";"187.2";"2018"
"347";"11869";"4.5";"2018"
"348";"11860";"237.6";"2018"
"349";"11844";"8.7";"2018"
"350";"11841";"217.2";"2018"
"351";"11822";"307.7";"2018"
"352";"11803";"211";"2018"
"353";"11797";"0";"2018"
"354";"11796";"126";"2018"
"355";"11763";"320.7";"2018"
"356";"11759";"109.4";"2018"
"357";"11395";"121.8";"2018"
"358";"11076";"5.9";"2018"
"359";"11057";"1.5";"2018"
"360";"11047";"0.8";"2018"
"361";"10927";"134";"2018"
"362";"10870";"4.6";"2018"
"363";"10805";"104.1";"2018"
"364";"10790";"0.6";"2018"
"365";"10787";"91.7";"2018"
"366";"10784";"146.1";"2018"
"367";"10770";"63.9";"2018"
"368";"10768";"39";"2018"
"369";"10753";"5";"2018"
"370";"10724";"3.4";"2018"
"371";"10707";"168.7";"2018"
"372";"10679";"183.2";"2018"
"373";"10638";"286.6";"2018"
"374";"9996";"17.3";"2018"
"375";"9902";"34.9";"2018"
"376";"9827";"15.2";"2018"
"377";"9783";"36.6";"2018"
"378";"9761";"34.8";"2018"
"379";"9663";"33.1";"2018"
"380";"9607";"3.1";"2018"
"381";"9582";"39.9";"2018"
"382";"9578";"0";"2018"
"383";"9559";"107.2";"2018"
"384";"9558";"77.1";"2018"
"385";"9527";"57.1";"2018"
"386";"9519";"212.3";"2018"
"387";"9510";"100.6";"2018"
"388";"9506";"163.7";"2018"
"389";"9487";"4.4";"2018"
"390";"9469";"146.6";"2018"
"391";"9448";"237.4";"2018"
"392";"9443";"337.6";"2018"
"393";"9295";"130.2";"2018"
"394";"9205";"75.7";"2018"
"395";"9184";"1.6";"2018"
"396";"9047";"10.8";"2018"
"397";"8906";"49.8";"2018"
"398";"8816";"83.9";"2018"
"399";"8765";"218.2";"2018"
"400";"8738";"11.6";"2018"
"401";"8692";"90.5";"2018"
"402";"8690";"3.6";"2018"
"403";"8101";"42";"2018"
"404";"7980";"83.6";"2018"
"405";"7975";"69";"2018"
"406";"7971";"33";"2018"
"407";"7963";"7.9";"2018"
"408";"7962";"117.1";"2018"
"409";"7946";"4.7";"2018"
"410";"7936";"65.2";"2018"
"411";"7843";"0.9";"2018"
"412";"7818";"75.9";"2018"
"413";"7641";"0";"2018"
"414";"7469";"27.5";"2018"
"415";"7165";"46.1";"2018"
"416";"7106";"0.8";"2018"
"417";"7097";"148.5";"2018"
"418";"7090";"6.1";"2018"
"419";"7035";"104.3";"2018"
"420";"6301";"128.4";"2018"
"421";"6297";"64";"2018"
"422";"6278";"54.8";"2018"
"423";"6277";"0";"2018"
"424";"6225";"15.3";"2018"
"425";"6180";"125.7";"2018"
"426";"6007";"60.9";"2018"
"427";"5863";"80";"2018"
"428";"4976";"98.8";"2018"
"429";"4387";"2.4";"2018"
"430";"4327";"1.7";"2018"
"431";"3628";"71.5";"2018"
"432";"3623";"180";"2018"
"433";"2347";"48.9";"2018"
"434";"2282";"95.6";"2018"
"435";"48862";"0";"2018"
"436";"48457";"0";"2018"
"437";"47053";"2.6";"2018"
"438";"45732";"3.4";"2018"
"439";"28451";"0";"2018"
"440";"12888";"0";"2018"
"441";"12329";"0";"2018"
"442";"12238";"0";"2018"
"443";"11948";"13.4";"2018"
"444";"11804";"0";"2018"
"445";"11347";"14.8";"2018"
"446";"11300";"10.4";"2018"
"447";"11286";"4.8";"2018"
"448";"11104";"0";"2018"
"449";"11090";"0.8";"2018"
"450";"10832";"1";"2018"
"451";"10831";"0.7";"2018"
"452";"10810";"11.7";"2018"
"453";"10777";"8.5";"2018"
"454";"10706";"0";"2018"
"455";"10269";"5.5";"2018"
"456";"9601";"1.1";"2018"
"457";"9302";"4.8";"2018"
"458";"8420";"18.1";"2018"
"459";"8283";"2.1";"2018"
"460";"7997";"7.1";"2018"
"461";"7912";"52.5";"2018"
"462";"7572";"2.3";"2018"
"463";"7377";"3";"2018"
"464";"7024";"0";"2018"
"465";"6997";"8.6";"2018"
"466";"6515";"2.2";"2018"
"467";"6288";"16.9";"2018"
"468";"6142";"36.2";"2018"
"469";"5605";"0";"2018"
"470";"51837";"36.7";"2018"
"471";"47294";"23.5";"2018"
"472";"47268";"0";"2018"
"473";"47206";"4.7";"2018"
"474";"30762";"31.6";"2018"
"475";"12320";"28.8";"2018"
"476";"12206";"0";"2018"
"477";"12078";"26.2";"2018"
"478";"12007";"0";"2018"
"479";"11929";"7.3";"2018"
"480";"11784";"108.2";"2018"
"481";"11341";"0";"2018"
"482";"11335";"5.7";"2018"
"483";"11326";"0";"2018"
"484";"11148";"9.1";"2018"
"485";"11051";"9.2";"2018"
"486";"10851";"6";"2018"
"487";"10822";"6.1";"2018"
"488";"10772";"15.9";"2018"
"489";"10728";"55.7";"2018"
"490";"10715";"116.3";"2018"
"491";"9980";"0";"2018"
"492";"9884";"9.2";"2018"
"493";"9653";"7.7";"2018"
"494";"9606";"29.4";"2018"
"495";"9593";"69.3";"2018"
"496";"9590";"82.3";"2018"
"497";"9550";"10.2";"2018"
"498";"9400";"0";"2018"
"499";"9303";"30.7";"2018"
"500";"9185";"113.3";"2018"
"501";"8954";"16.7";"2018"
"502";"8733";"1.2";"2018"
"503";"8673";"20.5";"2018"
"504";"8645";"176.2";"2018"
"505";"7915";"30.5";"2018"
"506";"7866";"93.8";"2018"
"507";"7802";"31.4";"2018"
"508";"7116";"3.8";"2018"
"509";"7066";"4.2";"2018"
"510";"6199";"32.5";"2018"
"511";"5567";"105.3";"2018"
"512";"5546";"12.9";"2018"
"513";"5132";"1.4";"2018"
"514";"2951";"61.2";"2018"
"515";"51842";"26";"2018"
"516";"47436";"82.8";"2018"
"517";"47304";"15.4";"2018"
"518";"47298";"0";"2018"
"519";"47272";"69.7";"2018"
"520";"47257";"5.1";"2018"
"521";"47243";"0";"2018"
"522";"47164";"91.4";"2018"
"523";"47153";"27.9";"2018"
"524";"47124";"10.2";"2018"
"525";"47050";"31";"2018"
"526";"42130";"48.7";"2018"
"527";"42062";"54.4";"2018"
"528";"29556";"0";"2018"
"529";"24606";"8.3";"2018"
"530";"20994";"1.3";"2018"
"531";"12267";"2.8";"2018"
"532";"12193";"14.5";"2018"
"533";"12145";"42.7";"2018"
"534";"12122";"0";"2018"
"535";"12051";"7.2";"2018"
"536";"12037";"2.9";"2018"
"537";"12020";"57.3";"2018"
"538";"11909";"12.6";"2018"
"539";"11905";"23.2";"2018"
"540";"11901";"187.3";"2018"
"541";"11900";"12.5";"2018"
"542";"11882";"32.5";"2018"
"543";"11855";"52.8";"2018"
"544";"11800";"13.3";"2018"
"545";"11799";"68.1";"2018"
"546";"11778";"85.2";"2018"
"547";"11774";"103.5";"2018"
"548";"11139";"0";"2018"
"549";"10960";"2.1";"2018"
"550";"10931";"1.9";"2018"
"551";"10811";"0";"2018"
"552";"10744";"48.1";"2018"
"553";"10211";"12.2";"2018"
"554";"10144";"0";"2018"
"555";"10135";"5.8";"2018"
"556";"10018";"1";"2018"
"557";"9840";"37.2";"2018"
"558";"9786";"11.2";"2018"
"559";"9679";"43.2";"2018"
"560";"9662";"0";"2018"
"561";"9637";"8.8";"2018"
"562";"9635";"12.3";"2018"
"563";"9627";"18.6";"2018"
"564";"9604";"32.8";"2018"
"565";"9576";"17.1";"2018"
"566";"9525";"55.6";"2018"
"567";"9518";"5.6";"2018"
"568";"9488";"29.1";"2018"
"569";"9207";"74";"2018"
"570";"9107";"0";"2018"
"571";"9092";"8.5";"2018"
"572";"8755";"13.7";"2018"
"573";"8679";"0";"2018"
"574";"8549";"34.4";"2018"
"575";"8524";"40.4";"2018"
"576";"8520";"48.5";"2018"
"577";"8200";"32.5";"2018"
"578";"7982";"41.2";"2018"
"579";"7940";"15.2";"2018"
"580";"7888";"1.9";"2018"
"581";"7844";"234.4";"2018"
"582";"7836";"102.6";"2018"
"583";"7816";"218.3";"2018"
"584";"7406";"16.2";"2018"
"585";"7274";"23.5";"2018"
"586";"7128";"45.7";"2018"
"587";"6356";"36.5";"2018"
"588";"6326";"27.9";"2018"
"589";"6311";"30.3";"2018"
"590";"6307";"14.5";"2018"
"591";"6256";"27.3";"2018"
"592";"6195";"115.5";"2018"
"593";"5795";"17.2";"2018"
"594";"5619";"99.5";"2018"
"595";"5595";"38.3";"2018"
"596";"5173";"0";"2018"
"597";"5012";"155.3";"2018"
"598";"3647";"66.6";"2018"
"599";"3120";"7.2";"2018"
"600";"2973";"5.4";"2018"
"601";"1753";"65.6";"2018"
"602";"1609";"58.3";"2018"
"603";"698";"244.8";"2019"
"604";"802";"202.7";"2019"
"605";"1085";"0.8";"2019"
"606";"1722";"52.4";"2019"
"607";"1725";"215.8";"2019"
"608";"1732";"11.7";"2019"
"609";"1811";"31.9";"2019"
"610";"2241";"257.1";"2019"
"611";"2467";"206.2";"2019"
"612";"4018";"40.3";"2019"
"613";"4317";"250.8";"2019"
"614";"4332";"80.9";"2019"
"615";"4924";"167.6";"2019"
"616";"5214";"26";"2019"
"617";"5277";"21.1";"2019"
"618";"5609";"2.2";"2019"
"619";"6153";"18.1";"2019"
"620";"6187";"183.3";"2019"
"621";"6332";"5.8";"2019"
"622";"7008";"9.2";"2019"
"623";"7014";"204.3";"2019"
"624";"7077";"303.4";"2019"
"625";"7089";"37.7";"2019"
"626";"7102";"238.5";"2019"
"627";"7323";"93.2";"2019"
"628";"7610";"0";"2019"
"629";"7854";"3.2";"2019"
"630";"7880";"2.1";"2019"
"631";"7983";"0.6";"2019"
"632";"8638";"-0.8";"2019"
"633";"8667";"89.2";"2019"
"634";"8671";"224.8";"2019"
"635";"8697";"231.5";"2019"
"636";"8799";"0";"2019"
"637";"8818";"0";"2019"
"638";"8848";"-0.3";"2019"
"639";"9434";"283.8";"2019"
"640";"9435";"81.1";"2019"
"641";"9522";"-0.5";"2019"
"642";"9580";"5.5";"2019"
"643";"9683";"0.1";"2019"
"644";"10635";"222.4";"2019"
"645";"10636";"253.8";"2019"
"646";"10725";"211.3";"2019"
"647";"10769";"303.1";"2019"
"648";"10835";"32.5";"2019"
"649";"10841";"55.5";"2019"
"650";"11757";"194";"2019"
"651";"11765";"274";"2019"
"652";"11767";"306.4";"2019"
"653";"12112";"23.4";"2019"
"654";"12282";"-0.3";"2019"
"655";"12324";"0";"2019"
"656";"13725";"-1.6";"2019"
"657";"21956";"-0.1";"2019"
"658";"26152";"168.2";"2019"
"659";"29048";"168.4";"2019"
"660";"29838";"44.6";"2019"
"661";"35460";"17";"2019"
"662";"38265";"4.7";"2019"
"663";"38334";"262.9";"2019"
"664";"39395";"201";"2019"
"665";"39517";"55";"2019"
"666";"41401";"202.7";"2019"
"667";"41897";"72.7";"2019"
"668";"46416";"410.7";"2019"
"669";"46426";"25.7";"2019"
"670";"46508";"41.5";"2019"
"671";"46518";"207.1";"2019"
"672";"46569";"103.9";"2019"
"673";"46586";"8.6";"2019"
"674";"46601";"276.4";"2019"
"675";"91479";"2.7";"2019"
"676";"91472";"5.3";"2019"
"677";"66957";"35.1";"2019"
"678";"66438";"2";"2019"
"679";"63664";"0";"2019"
"680";"61568";"120.9";"2019"
"681";"51593";"52.5";"2019"
"682";"48331";"0";"2019"
"683";"48327";"169.7";"2019"
"684";"48274";"137.6";"2019"
"685";"48267";"187";"2019"
"686";"48262";"163.5";"2019"
"687";"48229";"162.9";"2019"
"688";"48209";"44.3";"2019"
"689";"48182";"18.6";"2019"
"690";"48164";"176.7";"2019"
"691";"48135";"70.4";"2019"
"692";"48101";"12.9";"2019"
"693";"48055";"1.7";"2019"
"694";"48023";"0";"2019"
"695";"47959";"8";"2019"
"696";"47933";"3";"2019"
"697";"47908";"2";"2019"
"698";"47864";"142";"2019"
"699";"47809";"68.2";"2019"
"700";"47481";"34.1";"2019"
"701";"47448";"30.9";"2019"
"702";"44920";"15.8";"2019"
"703";"42683";"101";"2019"
"704";"42345";"29";"2019"
"705";"39587";"34.5";"2019"
"706";"38855";"74.8";"2019"
"707";"38275";"0";"2019"
"708";"35014";"27.9";"2019"
"709";"29622";"11.4";"2019"
"710";"28621";"4.4";"2019"
"711";"26075";"149.4";"2019"
"712";"23172";"3.1";"2019"
"713";"21528";"8";"2019"
"714";"13597";"16.9";"2019"
"715";"12087";"27.9";"2019"
"716";"12077";"0";"2019"
"717";"12014";"0.9";"2019"
"718";"11981";"48.1";"2019"
"719";"11873";"17.5";"2019"
"720";"11872";"51.4";"2019"
"721";"11764";"77";"2019"
"722";"11762";"132";"2019"
"723";"11440";"36.3";"2019"
"724";"11074";"44.1";"2019"
"725";"10840";"2.4";"2019"
"726";"10833";"4.3";"2019"
"727";"10797";"27.4";"2019"
"728";"10681";"293.4";"2019"
"729";"10674";"104.9";"2019"
"730";"10656";"0";"2019"
"731";"10655";"108.5";"2019"
"732";"10154";"122.1";"2019"
"733";"10038";"2.7";"2019"
"734";"9964";"41";"2019"
"735";"9579";"182.8";"2019"
"736";"9540";"23.5";"2019"
"737";"9509";"125.7";"2019"
"738";"9474";"4.7";"2019"
"739";"9459";"98.2";"2019"
"740";"9453";"72.5";"2019"
"741";"9447";"192.5";"2019"
"742";"9079";"49.6";"2019"
"743";"8725";"3.8";"2019"
"744";"8696";"194.1";"2019"
"745";"8691";"51.8";"2019"
"746";"8688";"150.4";"2019"
"747";"8655";"91";"2019"
"748";"8642";"197.2";"2019"
"749";"8639";"109.2";"2019"
"750";"7808";"212.3";"2019"
"751";"7472";"3";"2019"
"752";"7048";"100.7";"2019"
"753";"6468";"8.3";"2019"
"754";"6158";"212.3";"2019"
"755";"4467";"0";"2019"
"756";"48341";"70.5";"2019"
"757";"48213";"2.5";"2019"
"758";"48021";"10";"2019"
"759";"47961";"12.9";"2019"
"760";"47509";"89.8";"2019"
"761";"45416";"40.7";"2019"
"762";"39588";"3.7";"2019"
"763";"39145";"0";"2019"
"764";"29578";"6.6";"2019"
"765";"29347";"0.6";"2019"
"766";"12258";"38.6";"2019"
"767";"12043";"8.6";"2019"
"768";"11824";"201.1";"2019"
"769";"10689";"171.5";"2019"
"770";"10075";"68";"2019"
"771";"9538";"142.2";"2019"
"772";"8999";"75.9";"2019"
"773";"8943";"57.7";"2019"
"774";"7118";"40.9";"2019"
"775";"6216";"116.8";"2019"
"776";"5612";"4.2";"2019"
"777";"5585";"113.4";"2019"
"778";"5156";"194.3";"2019"
"779";"4717";"102.2";"2019"
"780";"1724";"134.4";"2019"
"781";"8995";"0";"2019"
"782";"91248";"6.5";"2019"
"783";"66915";"31.7";"2019"
"784";"48228";"48.3";"2019"
"785";"48170";"7.1";"2019"
"786";"48160";"101.5";"2019"
"787";"48143";"18.8";"2019"
"788";"48017";"0";"2019"
"789";"47940";"29.1";"2019"
"790";"47882";"58.6";"2019"
"791";"47698";"41.6";"2019"
"792";"47468";"48.9";"2019"
"793";"44771";"66";"2019"
"794";"42247";"0";"2019"
"795";"38276";"37.5";"2019"
"796";"33158";"0";"2019"
"797";"23254";"0";"2019"
"798";"12303";"110.9";"2019"
"799";"12215";"1.4";"2019"
"800";"11888";"6.7";"2019"
"801";"11865";"103";"2019"
"802";"11839";"231.1";"2019"
"803";"11817";"91.6";"2019"
"804";"11163";"8.1";"2019"
"805";"11141";"54.2";"2019"
"806";"11028";"26";"2019"
"807";"10918";"39.7";"2019"
"808";"10774";"67.6";"2019"
"809";"10751";"40.1";"2019"
"810";"10657";"28.9";"2019"
"811";"9502";"180.1";"2019"
"812";"8759";"1.5";"2019"
"813";"8698";"180.7";"2019"
"814";"8128";"41";"2019"
"815";"7857";"190.8";"2019"
"816";"7330";"147.3";"2019"
"817";"6597";"23";"2019"
"818";"95015";"4.4";"2019"
"819";"94379";"0";"2019"
"820";"91470";"7.2";"2019"
"821";"61737";"12.7";"2019"
"822";"50293";"5.6";"2019"
"823";"48297";"28.1";"2019"
"824";"48230";"10.8";"2019"
"825";"48192";"82.5";"2019"
"826";"48113";"28.4";"2019"
"827";"48110";"3.3";"2019"
"828";"48078";"38";"2019"
"829";"47931";"46.7";"2019"
"830";"47900";"14.6";"2019"
"831";"47792";"112.5";"2019"
"832";"47702";"181.9";"2019"
"833";"47546";"122.1";"2019"
"834";"47508";"0";"2019"
"835";"47417";"0";"2019"
"836";"41406";"29.8";"2019"
"837";"34164";"0";"2019"
"838";"33441";"120.2";"2019"
"839";"29726";"5.3";"2019"
"840";"28991";"24.4";"2019"
"841";"26586";"0";"2019"
"842";"26104";"7.2";"2019"
"843";"25578";"139";"2019"
"844";"23670";"8";"2019"
"845";"12270";"80.8";"2019"
"846";"12163";"0";"2019"
"847";"12088";"4.1";"2019"
"848";"12067";"5";"2019"
"849";"12052";"2.3";"2019"
"850";"11991";"27";"2019"
"851";"11964";"2.7";"2019"
"852";"11927";"45.1";"2019"
"853";"11920";"0.9";"2019"
"854";"11883";"0";"2019"
"855";"11853";"0";"2019"
"856";"11851";"207.8";"2019"
"857";"11827";"0";"2019"
"858";"11795";"142.4";"2019"
"859";"11792";"32.3";"2019"
"860";"11760";"86.2";"2019"
"861";"11366";"14.8";"2019"
"862";"11354";"4.5";"2019"
"863";"11254";"129.9";"2019"
"864";"11107";"74.1";"2019"
"865";"10820";"32.4";"2019"
"866";"10806";"13.5";"2019"
"867";"10799";"151.2";"2019"
"868";"10760";"76";"2019"
"869";"10741";"3.6";"2019"
"870";"9883";"32.7";"2019"
"871";"9859";"12.2";"2019"
"872";"9697";"3";"2019"
"873";"9619";"5.3";"2019"
"874";"9592";"11.6";"2019"
"875";"9470";"19.8";"2019"
"876";"9462";"80.8";"2019"
"877";"9437";"195.2";"2019"
"878";"9002";"75.8";"2019"
"879";"8931";"68.6";"2019"
"880";"8914";"32.8";"2019"
"881";"8843";"-0.9";"2019"
"882";"8824";"11.3";"2019"
"883";"8777";"3.4";"2019"
"884";"8726";"178.7";"2019"
"885";"8680";"50.5";"2019"
"886";"8677";"5.3";"2019"
"887";"8674";"3.4";"2019"
"888";"8647";"149.9";"2019"
"889";"8288";"99.4";"2019"
"890";"8254";"4";"2019"
"891";"7926";"100.1";"2019"
"892";"7859";"32.1";"2019"
"893";"7822";"170.8";"2019"
"894";"7810";"22.7";"2019"
"895";"7789";"39.3";"2019"
"896";"7618";"62.2";"2019"
"897";"7158";"162.9";"2019"
"898";"7100";"6";"2019"
"899";"7092";"93.9";"2019"
"900";"7084";"89.6";"2019"
"901";"6328";"1.2";"2019"
"902";"5718";"14.1";"2019"
"903";"5606";"145.9";"2019"
"904";"5547";"67.3";"2019"
"905";"4933";"4.2";"2019"
"906";"4363";"32.4";"2019"
"907";"3625";"69.4";"2019"
"908";"83791";"25.8";"2019"
"909";"66446";"0";"2019"
"910";"48103";"77.8";"2019"
"911";"47542";"21.1";"2019"
"912";"47297";"80.4";"2019"
"913";"46027";"76.4";"2019"
"914";"45996";"35.5";"2019"
"915";"45954";"42.3";"2019"
"916";"45953";"182.6";"2019"
"917";"45934";"28.3";"2019"
"918";"45932";"30.8";"2019"
"919";"45914";"27.9";"2019"
"920";"45913";"0.2";"2019"
"921";"45903";"0";"2019"
"922";"45865";"34.1";"2019"
"923";"45859";"10.8";"2019"
"924";"45851";"76.9";"2019"
"925";"45826";"8.7";"2019"
"926";"45817";"64.4";"2019"
"927";"45810";"27.2";"2019"
"928";"45791";"197.9";"2019"
"929";"45783";"235.5";"2019"
"930";"45769";"42.7";"2019"
"931";"45764";"0.7";"2019"
"932";"45747";"119.8";"2019"
"933";"45741";"44.8";"2019"
"934";"45734";"12.2";"2019"
"935";"45731";"39.5";"2019"
"936";"45719";"142.6";"2019"
"937";"45691";"32.1";"2019"
"938";"45664";"53.9";"2019"
"939";"45662";"1.2";"2019"
"940";"44889";"6.2";"2019"
"941";"41193";"20.4";"2019"
"942";"40555";"184.4";"2019"
"943";"40485";"131.4";"2019"
"944";"39541";"2.6";"2019"
"945";"39462";"52.1";"2019"
"946";"38329";"17";"2019"
"947";"35134";"1.2";"2019"
"948";"34761";"0.9";"2019"
"949";"34455";"69.7";"2019"
"950";"34001";"141.2";"2019"
"951";"31615";"25.5";"2019"
"952";"30228";"15.2";"2019"
"953";"29539";"25.6";"2019"
"954";"29413";"45.4";"2019"
"955";"28219";"45.4";"2019"
"956";"27589";"133.2";"2019"
"957";"27414";"72.3";"2019"
"958";"27126";"73.7";"2019"
"959";"26618";"50.5";"2019"
"960";"26392";"13.5";"2019"
"961";"25681";"0.6";"2019"
"962";"13014";"61.3";"2019"
"963";"12888";"0.5";"2019"
"964";"12660";"174.9";"2019"
"965";"12329";"58.4";"2019"
"966";"12271";"92.2";"2019"
"967";"12164";"250.6";"2019"
"968";"12004";"215.1";"2019"
"969";"11937";"277.5";"2019"
"970";"11935";"3.3";"2019"
"971";"11911";"60.1";"2019"
"972";"11898";"152.6";"2019"
"973";"11895";"43.7";"2019"
"974";"11889";"126.8";"2019"
"975";"11874";"112.5";"2019"
"976";"11869";"0";"2019"
"977";"11860";"129.5";"2019"
"978";"11841";"76";"2019"
"979";"11822";"186.8";"2019"
"980";"11803";"177.8";"2019"
"981";"11797";"0";"2019"
"982";"11796";"265.9";"2019"
"983";"11763";"390.9";"2019"
"984";"11759";"222.4";"2019"
"985";"11473";"10.4";"2019"
"986";"11395";"56.9";"2019"
"987";"11104";"8.6";"2019"
"988";"11047";"65.9";"2019"
"989";"10927";"103";"2019"
"990";"10907";"0.9";"2019"
"991";"10870";"6.9";"2019"
"992";"10790";"37.9";"2019"
"993";"10787";"18.5";"2019"
"994";"10784";"106.4";"2019"
"995";"10783";"4.3";"2019"
"996";"10777";"86.7";"2019"
"997";"10770";"6.9";"2019"
"998";"10753";"1.1";"2019"
"999";"10724";"24.8";"2019"
"1000";"10707";"170.9";"2019"
"1001";"10679";"247.4";"2019"
"1002";"10639";"0";"2019"
"1003";"10638";"259.7";"2019"
"1004";"9902";"48.4";"2019"
"1005";"9783";"141.4";"2019"
"1006";"9761";"2.7";"2019"
"1007";"9601";"0";"2019"
"1008";"9582";"3";"2019"
"1009";"9559";"8.2";"2019"
"1010";"9558";"9.2";"2019"
"1011";"9527";"25.8";"2019"
"1012";"9519";"124.5";"2019"
"1013";"9510";"118.8";"2019"
"1014";"9506";"122.6";"2019"
"1015";"9487";"28.7";"2019"
"1016";"9469";"18.5";"2019"
"1017";"9448";"140.6";"2019"
"1018";"9443";"193";"2019"
"1019";"9205";"97.7";"2019"
"1020";"8765";"151.6";"2019"
"1021";"8738";"160.8";"2019"
"1022";"8692";"146.9";"2019"
"1023";"8101";"4.3";"2019"
"1024";"8000";"0";"2019"
"1025";"7975";"8.8";"2019"
"1026";"7971";"82.7";"2019"
"1027";"7963";"8";"2019"
"1028";"7962";"132.2";"2019"
"1029";"7936";"70";"2019"
"1030";"7896";"0";"2019"
"1031";"7829";"170.8";"2019"
"1032";"7818";"53";"2019"
"1033";"7469";"46.4";"2019"
"1034";"7165";"0.4";"2019"
"1035";"6301";"54.1";"2019"
"1036";"6278";"27";"2019"
"1037";"6180";"227.5";"2019"
"1038";"4976";"105.6";"2019"
"1039";"3623";"132.2";"2019"
"1040";"2347";"12";"2019"
"1041";"2282";"82.7";"2019"
"1042";"48862";"14.7";"2019"
"1043";"45775";"0";"2019"
"1044";"45753";"0";"2019"
"1045";"45629";"0";"2019"
"1046";"45038";"0";"2019"
"1047";"39258";"0.9";"2019"
"1048";"38844";"0";"2019"
"1049";"34934";"15.1";"2019"
"1050";"32565";"1";"2019"
"1051";"27413";"3.7";"2019"
"1052";"12253";"0";"2019"
"1053";"11948";"8.7";"2019"
"1054";"11804";"0";"2019"
"1055";"11347";"30.7";"2019"
"1056";"11300";"5.8";"2019"
"1057";"10848";"0";"2019"
"1058";"10832";"11.7";"2019"
"1059";"10831";"13.5";"2019"
"1060";"10810";"12.8";"2019"
"1061";"10737";"0";"2019"
"1062";"10269";"1.4";"2019"
"1063";"9468";"0";"2019"
"1064";"9302";"2.7";"2019"
"1065";"9184";"0";"2019"
"1066";"8420";"8.6";"2019"
"1067";"8077";"0";"2019"
"1068";"7912";"35.2";"2019"
"1069";"7572";"0";"2019"
"1070";"6997";"7.3";"2019"
"1071";"6515";"9.3";"2019"
"1072";"6288";"4.1";"2019"
"1073";"6142";"0.3";"2019"
"1074";"5535";"0";"2019"
"1075";"91465";"18.6";"2019"
"1076";"66966";"3.5";"2019"
"1077";"51842";"13.1";"2019"
"1078";"47333";"11.4";"2019"
"1079";"47272";"109.2";"2019"
"1080";"47259";"5.5";"2019"
"1081";"47149";"8.3";"2019"
"1082";"47124";"8.4";"2019"
"1083";"47119";"2.3";"2019"
"1084";"47081";"0";"2019"
"1085";"42018";"5.9";"2019"
"1086";"36049";"0.9";"2019"
"1087";"31849";"25.4";"2019"
"1088";"29556";"6.5";"2019"
"1089";"12267";"0";"2019"
"1090";"12193";"19.1";"2019"
"1091";"12122";"0.9";"2019"
"1092";"12007";"0";"2019"
"1093";"11929";"1.6";"2019"
"1094";"11778";"87.4";"2019"
"1095";"11051";"6.2";"2019"
"1096";"10772";"19.1";"2019"
"1097";"10728";"25.1";"2019"
"1098";"10320";"6.1";"2019"
"1099";"10144";"12";"2019"
"1100";"9786";"0.6";"2019"
"1101";"9662";"1.4";"2019"
"1102";"9627";"22.4";"2019"
"1103";"9550";"10.1";"2019"
"1104";"9207";"66.4";"2019"
"1105";"8954";"2.1";"2019"
"1106";"8755";"29.3";"2019"
"1107";"7844";"202.9";"2019"
"1108";"7836";"60.6";"2019"
"1109";"7816";"170.6";"2019"
"1110";"7693";"0";"2019"
"1111";"7128";"31.7";"2019"
"1112";"6326";"38.7";"2019"
"1113";"5619";"73.8";"2019"
"1114";"3120";"43";"2019"
"1115";"1753";"24.9";"2019"
"1116";"94365";"13.6";"2019"
"1117";"91468";"0";"2019"
"1118";"66924";"3.6";"2019"
"1119";"51837";"32.4";"2019"
"1120";"48956";"6.6";"2019"
"1121";"47436";"174.2";"2019"
"1122";"47327";"20.4";"2019"
"1123";"47304";"1.1";"2019"
"1124";"47294";"57.4";"2019"
"1125";"47268";"0";"2019"
"1126";"47257";"8.7";"2019"
"1127";"47216";"5.3";"2019"
"1128";"47186";"0";"2019"
"1129";"47164";"1.2";"2019"
"1130";"47153";"100.1";"2019"
"1131";"47150";"12.1";"2019"
"1132";"47121";"12";"2019"
"1133";"47083";"3";"2019"
"1134";"47050";"63.9";"2019"
"1135";"47043";"57.9";"2019"
"1136";"42388";"91.1";"2019"
"1137";"42130";"25.9";"2019"
"1138";"42062";"0";"2019"
"1139";"42060";"58.5";"2019"
"1140";"40973";"45.5";"2019"
"1141";"40912";"64.7";"2019"
"1142";"35883";"65.7";"2019"
"1143";"30762";"61.4";"2019"
"1144";"29686";"0";"2019"
"1145";"24606";"1.6";"2019"
"1146";"23652";"0";"2019"
"1147";"20994";"28.6";"2019"
"1148";"12320";"69";"2019"
"1149";"12247";"3.7";"2019"
"1150";"12206";"3.9";"2019"
"1151";"12078";"11.3";"2019"
"1152";"12051";"68.9";"2019"
"1153";"12037";"1.7";"2019"
"1154";"12020";"52.9";"2019"
"1155";"11909";"38.8";"2019"
"1156";"11901";"166.2";"2019"
"1157";"11855";"86.5";"2019"
"1158";"11800";"11.9";"2019"
"1159";"11799";"71.3";"2019"
"1160";"11784";"12.6";"2019"
"1161";"11774";"67.9";"2019"
"1162";"11335";"14.9";"2019"
"1163";"11326";"0";"2019"
"1164";"11266";"0";"2019"
"1165";"11062";"12.6";"2019"
"1166";"10744";"107.5";"2019"
"1167";"10715";"144.2";"2019"
"1168";"10669";"109";"2019"
"1169";"10211";"1.6";"2019"
"1170";"9884";"0";"2019"
"1171";"9840";"25.6";"2019"
"1172";"9679";"13";"2019"
"1173";"9637";"163.4";"2019"
"1174";"9606";"34.3";"2019"
"1175";"9604";"58.5";"2019"
"1176";"9593";"20.7";"2019"
"1177";"9590";"38.7";"2019"
"1178";"9576";"9.7";"2019"
"1179";"9525";"24.4";"2019"
"1180";"9518";"15.1";"2019"
"1181";"9501";"8.1";"2019"
"1182";"9488";"30.9";"2019"
"1183";"9400";"0";"2019"
"1184";"9185";"15.4";"2019"
"1185";"9092";"0.8";"2019"
"1186";"9032";"0";"2019"
"1187";"8645";"71";"2019"
"1188";"8549";"93.1";"2019"
"1189";"8524";"40.4";"2019"
"1190";"8520";"88.2";"2019"
"1191";"8200";"48.1";"2019"
"1192";"7982";"79";"2019"
"1193";"7940";"11.9";"2019"
"1194";"7915";"2";"2019"
"1195";"7802";"78.7";"2019"
"1196";"7406";"25.1";"2019"
"1197";"7274";"0";"2019"
"1198";"6356";"18.3";"2019"
"1199";"6311";"11.1";"2019"
"1200";"6256";"6.8";"2019"
"1201";"6199";"6.5";"2019"
"1202";"6195";"92.2";"2019"
"1203";"5012";"134.6";"2019"
"1204";"3647";"95.5";"2019"
"1205";"2973";"27.4";"2019"
"1206";"2951";"23.3";"2019"
"1207";"1384";"103";"2019"
"1208";"60326";"118.2";"2020"
"1209";"46601";"371.6";"2020"
"1210";"46569";"-0.3";"2020"
"1211";"46518";"228.8";"2020"
"1212";"46517";"1.3";"2020"
"1213";"46508";"1.8";"2020"
"1214";"46487";"10.3";"2020"
"1215";"46448";"2.1";"2020"
"1216";"46440";"0.3";"2020"
"1217";"46426";"19.2";"2020"
"1218";"46416";"303.6";"2020"
"1219";"41897";"68.2";"2020"
"1220";"41401";"160.7";"2020"
"1221";"40291";"86.6";"2020"
"1222";"39517";"155.1";"2020"
"1223";"39395";"163.2";"2020"
"1224";"38334";"375.3";"2020"
"1225";"34311";"7";"2020"
"1226";"34045";"-2.8";"2020"
"1227";"32819";"9.3";"2020"
"1228";"29466";"0";"2020"
"1229";"29048";"121.1";"2020"
"1230";"28237";"292.9";"2020"
"1231";"28022";"172.7";"2020"
"1232";"26152";"46";"2020"
"1233";"21956";"-1.9";"2020"
"1234";"17287";"26.3";"2020"
"1235";"13725";"12.9";"2020"
"1236";"12282";"116.3";"2020"
"1237";"12134";"9.7";"2020"
"1238";"12112";"121.7";"2020"
"1239";"11926";"1.9";"2020"
"1240";"11859";"40.4";"2020"
"1241";"11767";"339.5";"2020"
"1242";"11765";"367.4";"2020"
"1243";"11757";"139.5";"2020"
"1244";"10841";"28.1";"2020"
"1245";"10835";"52.6";"2020"
"1246";"10769";"126.5";"2020"
"1247";"10725";"20.3";"2020"
"1248";"10636";"186.4";"2020"
"1249";"10635";"239";"2020"
"1250";"9896";"11.7";"2020"
"1251";"9435";"25.8";"2020"
"1252";"9434";"2.5";"2020"
"1253";"8848";"14.5";"2020"
"1254";"8799";"0";"2020"
"1255";"8697";"62.3";"2020"
"1256";"8671";"256.2";"2020"
"1257";"8667";"237.5";"2020"
"1258";"8440";"0.7";"2020"
"1259";"7880";"1";"2020"
"1260";"7854";"42.9";"2020"
"1261";"7820";"0.1";"2020"
"1262";"7323";"1.8";"2020"
"1263";"7102";"262.9";"2020"
"1264";"7089";"101.2";"2020"
"1265";"7077";"340.4";"2020"
"1266";"7014";"304.9";"2020"
"1267";"7008";"3.6";"2020"
"1268";"6332";"8.9";"2020"
"1269";"6187";"123.6";"2020"
"1270";"6162";"14.3";"2020"
"1271";"6153";"213.9";"2020"
"1272";"5609";"17.2";"2020"
"1273";"5277";"3";"2020"
"1274";"5214";"12.2";"2020"
"1275";"4924";"233.9";"2020"
"1276";"4371";"6";"2020"
"1277";"4332";"53.8";"2020"
"1278";"4317";"257.7";"2020"
"1279";"2467";"144.7";"2020"
"1280";"2241";"356.9";"2020"
"1281";"2218";"60.1";"2020"
"1282";"1811";"-0.4";"2020"
"1283";"1732";"259.2";"2020"
"1284";"1725";"229.6";"2020"
"1285";"802";"188.4";"2020"
"1286";"698";"304.7";"2020"
"1287";"94375";"16";"2020"
"1288";"84142";"21.7";"2020"
"1289";"84109";"154.5";"2020"
"1290";"61697";"61.7";"2020"
"1291";"61664";"19";"2020"
"1292";"61439";"47.8";"2020"
"1293";"61398";"208.4";"2020"
"1294";"61103";"105.1";"2020"
"1295";"55410";"100.7";"2020"
"1296";"48345";"0";"2020"
"1297";"48327";"180.4";"2020"
"1298";"48267";"165.9";"2020"
"1299";"48230";"4.7";"2020"
"1300";"48229";"167.8";"2020"
"1301";"48209";"49.3";"2020"
"1302";"48192";"22";"2020"
"1303";"48181";"3.3";"2020"
"1304";"48164";"8.1";"2020"
"1305";"48135";"78.6";"2020"
"1306";"48110";"0";"2020"
"1307";"48080";"1";"2020"
"1308";"48037";"1.9";"2020"
"1309";"48023";"94.9";"2020"
"1310";"47996";"0";"2020"
"1311";"47908";"63.4";"2020"
"1312";"47900";"20.6";"2020"
"1313";"47861";"4.8";"2020"
"1314";"47809";"105.7";"2020"
"1315";"47800";"45.2";"2020"
"1316";"47702";"127.1";"2020"
"1317";"47508";"6";"2020"
"1318";"47481";"84.3";"2020"
"1319";"47477";"3.4";"2020"
"1320";"47447";"29.4";"2020"
"1321";"44920";"43.4";"2020"
"1322";"44771";"118.8";"2020"
"1323";"42312";"164.3";"2020"
"1324";"42295";"25.2";"2020"
"1325";"38855";"61.8";"2020"
"1326";"35096";"0";"2020"
"1327";"29049";"74.9";"2020"
"1328";"28991";"48.8";"2020"
"1329";"28729";"0";"2020"
"1330";"28486";"18.7";"2020"
"1331";"28305";"5";"2020"
"1332";"27003";"8.5";"2020"
"1333";"26448";"34.4";"2020"
"1334";"25578";"113.8";"2020"
"1335";"23172";"0";"2020"
"1336";"20052";"0";"2020"
"1337";"13597";"0";"2020"
"1338";"12270";"93.1";"2020"
"1339";"12163";"0";"2020"
"1340";"12088";"15.9";"2020"
"1341";"12077";"0";"2020"
"1342";"12052";"1.7";"2020"
"1343";"11993";"22.8";"2020"
"1344";"11873";"30.8";"2020"
"1345";"11872";"93.4";"2020"
"1346";"11851";"55.8";"2020"
"1347";"11764";"2.7";"2020"
"1348";"11762";"109.9";"2020"
"1349";"11028";"22.9";"2020"
"1350";"10806";"92.9";"2020"
"1351";"10760";"77.3";"2020"
"1352";"10681";"63.9";"2020"
"1353";"9964";"88.8";"2020"
"1354";"9579";"254";"2020"
"1355";"9509";"65.9";"2020"
"1356";"9502";"187.4";"2020"
"1357";"9453";"155.4";"2020"
"1358";"9437";"181.7";"2020"
"1359";"8914";"2.1";"2020"
"1360";"8726";"65.1";"2020"
"1361";"8696";"207.2";"2020"
"1362";"8655";"157.4";"2020"
"1363";"7808";"225.8";"2020"
"1364";"7092";"124";"2020"
"1365";"7084";"30.9";"2020"
"1366";"6468";"18.8";"2020"
"1367";"6158";"120.6";"2020"
"1368";"6156";"87.8";"2020"
"1369";"5612";"5.1";"2020"
"1370";"5549";"19.7";"2020"
"1371";"4363";"37.8";"2020"
"1372";"91248";"4.5";"2020"
"1373";"66957";"1.8";"2020"
"1374";"66438";"5.1";"2020"
"1375";"51593";"118.1";"2020"
"1376";"48341";"43.9";"2020"
"1377";"48228";"85.1";"2020"
"1378";"47946";"0";"2020"
"1379";"47940";"11.7";"2020"
"1380";"47895";"23.5";"2020"
"1381";"47698";"59.5";"2020"
"1382";"47669";"23";"2020"
"1383";"47468";"91.8";"2020"
"1384";"45416";"49";"2020"
"1385";"42683";"99.1";"2020"
"1386";"42425";"-0.5";"2020"
"1387";"40113";"34.8";"2020"
"1388";"38275";"0";"2020"
"1389";"28070";"11.2";"2020"
"1390";"28025";"10.8";"2020"
"1391";"21528";"30.7";"2020"
"1392";"12739";"0.3";"2020"
"1393";"12258";"101.9";"2020"
"1394";"12137";"1.6";"2020"
"1395";"11920";"18.7";"2020"
"1396";"11824";"164.7";"2020"
"1397";"11817";"167.1";"2020"
"1398";"10820";"63.3";"2020"
"1399";"10799";"285.4";"2020"
"1400";"10689";"149.8";"2020"
"1401";"10075";"46.3";"2020"
"1402";"8999";"76.7";"2020"
"1403";"7789";"3.3";"2020"
"1404";"5156";"44.2";"2020"
"1405";"4717";"82.3";"2020"
"1406";"91470";"39.7";"2020"
"1407";"84418";"17.5";"2020"
"1408";"61570";"166.6";"2020"
"1409";"61361";"30.6";"2020"
"1410";"48274";"64.2";"2020"
"1411";"48160";"81.9";"2020"
"1412";"48113";"4.3";"2020"
"1413";"48054";"32.8";"2020"
"1414";"48036";"24.6";"2020"
"1415";"48017";"1.8";"2020"
"1416";"47967";"21.9";"2020"
"1417";"47961";"73.7";"2020"
"1418";"47509";"100.7";"2020"
"1419";"47448";"44.3";"2020"
"1420";"46513";"11.2";"2020"
"1421";"40006";"34.9";"2020"
"1422";"39587";"22.5";"2020"
"1423";"38276";"0";"2020"
"1424";"34164";"83.1";"2020"
"1425";"12303";"109.8";"2020"
"1426";"11927";"52.6";"2020"
"1427";"11865";"0.9";"2020"
"1428";"11839";"129.7";"2020"
"1429";"11795";"157";"2020"
"1430";"11107";"18.1";"2020"
"1431";"10774";"0";"2020"
"1432";"10741";"0";"2020"
"1433";"9538";"131.7";"2020"
"1434";"8725";"2.4";"2020"
"1435";"7857";"194.1";"2020"
"1436";"7822";"194.5";"2020"
"1437";"7330";"161.7";"2020"
"1438";"6216";"81.1";"2020"
"1439";"5585";"68.3";"2020"
"1440";"1724";"73.9";"2020"
"1441";"95015";"14.6";"2020"
"1442";"91479";"6.9";"2020"
"1443";"91472";"0";"2020"
"1444";"66915";"12.9";"2020"
"1445";"61590";"74.1";"2020"
"1446";"61568";"135.4";"2020"
"1447";"61220";"106.5";"2020"
"1448";"61211";"162.1";"2020"
"1449";"61102";"68.8";"2020"
"1450";"55307";"0";"2020"
"1451";"48344";"0";"2020"
"1452";"48309";"0";"2020"
"1453";"48297";"55.7";"2020"
"1454";"48262";"227.9";"2020"
"1455";"48236";"103.8";"2020"
"1456";"48182";"7.3";"2020"
"1457";"48170";"38.5";"2020"
"1458";"48143";"0";"2020"
"1459";"48107";"0";"2020"
"1460";"48101";"3";"2020"
"1461";"48097";"2.1";"2020"
"1462";"48078";"0";"2020"
"1463";"48055";"25.2";"2020"
"1464";"48021";"1.1";"2020"
"1465";"47933";"5.9";"2020"
"1466";"47882";"25.9";"2020"
"1467";"47864";"227.2";"2020"
"1468";"47808";"48.2";"2020"
"1469";"47792";"84.2";"2020"
"1470";"47546";"122.4";"2020"
"1471";"47417";"4.4";"2020"
"1472";"42345";"15.3";"2020"
"1473";"42247";"9.9";"2020"
"1474";"42134";"2.8";"2020"
"1475";"41406";"14";"2020"
"1476";"40221";"8.9";"2020"
"1477";"39993";"3";"2020"
"1478";"35014";"5.5";"2020"
"1479";"34914";"4.5";"2020"
"1480";"34427";"65";"2020"
"1481";"33441";"167.8";"2020"
"1482";"29622";"0";"2020"
"1483";"29614";"44.8";"2020"
"1484";"29347";"7.1";"2020"
"1485";"26884";"6";"2020"
"1486";"26104";"20";"2020"
"1487";"26075";"136.9";"2020"
"1488";"13534";"2.7";"2020"
"1489";"12215";"2.6";"2020"
"1490";"12087";"129.1";"2020"
"1491";"11991";"36.4";"2020"
"1492";"11981";"100.3";"2020"
"1493";"11932";"13.6";"2020"
"1494";"11896";"35.5";"2020"
"1495";"11883";"4.8";"2020"
"1496";"11827";"0";"2020"
"1497";"11792";"24.2";"2020"
"1498";"11760";"153.5";"2020"
"1499";"11440";"51.3";"2020"
"1500";"11371";"9.3";"2020"
"1501";"11366";"0";"2020"
"1502";"11254";"170.1";"2020"
"1503";"11231";"2.6";"2020"
"1504";"11074";"32.5";"2020"
"1505";"10980";"0";"2020"
"1506";"10840";"24.8";"2020"
"1507";"10751";"8.4";"2020"
"1508";"10674";"97.9";"2020"
"1509";"10657";"17.4";"2020"
"1510";"10655";"162.4";"2020"
"1511";"9883";"8.7";"2020"
"1512";"9859";"1.3";"2020"
"1513";"9459";"74.2";"2020"
"1514";"9447";"118.7";"2020"
"1515";"9440";"0";"2020"
"1516";"9079";"5.1";"2020"
"1517";"8698";"129.1";"2020"
"1518";"8688";"288.3";"2020"
"1519";"8647";"74.6";"2020"
"1520";"8642";"207.5";"2020"
"1521";"8639";"71.9";"2020"
"1522";"8288";"207.3";"2020"
"1523";"7926";"25.9";"2020"
"1524";"7158";"155.8";"2020"
"1525";"7048";"20.5";"2020"
"1526";"6597";"36.3";"2020"
"1527";"5718";"63.3";"2020"
"1528";"5606";"116.5";"2020"
"1529";"4467";"0";"2020"
"1530";"3625";"5.5";"2020"
"1531";"94383";"1.2";"2020"
"1532";"83791";"4.2";"2020"
"1533";"83711";"2.1";"2020"
"1534";"78050";"177.6";"2020"
"1535";"66446";"6.4";"2020"
"1536";"57488";"197.9";"2020"
"1537";"57472";"49.2";"2020"
"1538";"57366";"125.5";"2020"
"1539";"57289";"18";"2020"
"1540";"57279";"158";"2020"
"1541";"57212";"153.3";"2020"
"1542";"57206";"87.7";"2020"
"1543";"57165";"39";"2020"
"1544";"55632";"48.4";"2020"
"1545";"51206";"0";"2020"
"1546";"49159";"0.2";"2020"
"1547";"48103";"150.5";"2020"
"1548";"47542";"15.7";"2020"
"1549";"47297";"11.9";"2020"
"1550";"46027";"117.2";"2020"
"1551";"45954";"68.9";"2020"
"1552";"45953";"195.9";"2020"
"1553";"45934";"0.3";"2020"
"1554";"45932";"45.7";"2020"
"1555";"45914";"130";"2020"
"1556";"45913";"0.8";"2020"
"1557";"45903";"8.8";"2020"
"1558";"45866";"21.8";"2020"
"1559";"45865";"8.4";"2020"
"1560";"45859";"28.3";"2020"
"1561";"45854";"2.1";"2020"
"1562";"45851";"136";"2020"
"1563";"45817";"52.4";"2020"
"1564";"45791";"12.4";"2020"
"1565";"45783";"183.9";"2020"
"1566";"45775";"12";"2020"
"1567";"45769";"47.5";"2020"
"1568";"45764";"0.4";"2020"
"1569";"45753";"16.7";"2020"
"1570";"45749";"9.5";"2020"
"1571";"45747";"28.4";"2020"
"1572";"45741";"68.8";"2020"
"1573";"45734";"18.5";"2020"
"1574";"45731";"3.1";"2020"
"1575";"45719";"213.1";"2020"
"1576";"45693";"1.4";"2020"
"1577";"45691";"5.5";"2020"
"1578";"45662";"20.7";"2020"
"1579";"45038";"3.5";"2020"
"1580";"41193";"122.3";"2020"
"1581";"40693";"2.4";"2020"
"1582";"40692";"15.1";"2020"
"1583";"40555";"152.4";"2020"
"1584";"40485";"123.8";"2020"
"1585";"40341";"92";"2020"
"1586";"39462";"73.2";"2020"
"1587";"38844";"1.1";"2020"
"1588";"35134";"87.8";"2020"
"1589";"34455";"63.3";"2020"
"1590";"34001";"160.5";"2020"
"1591";"31615";"11";"2020"
"1592";"29539";"42.9";"2020"
"1593";"29413";"115.5";"2020"
"1594";"28219";"18";"2020"
"1595";"27589";"50.7";"2020"
"1596";"27414";"1.5";"2020"
"1597";"27126";"101.9";"2020"
"1598";"26618";"53.3";"2020"
"1599";"26408";"47";"2020"
"1600";"26306";"20.1";"2020"
"1601";"25582";"26.6";"2020"
"1602";"25512";"11.9";"2020"
"1603";"22425";"223.9";"2020"
"1604";"13750";"71.7";"2020"
"1605";"13014";"42.8";"2020"
"1606";"12888";"7.2";"2020"
"1607";"12660";"62.5";"2020"
"1608";"12329";"15.7";"2020"
"1609";"12271";"37.5";"2020"
"1610";"12253";"17.2";"2020"
"1611";"12164";"123.2";"2020"
"1612";"12004";"159";"2020"
"1613";"11937";"216.9";"2020"
"1614";"11917";"37.9";"2020"
"1615";"11911";"68.8";"2020"
"1616";"11898";"7.1";"2020"
"1617";"11895";"119.6";"2020"
"1618";"11889";"105";"2020"
"1619";"11874";"14.5";"2020"
"1620";"11869";"55.1";"2020"
"1621";"11860";"136.3";"2020"
"1622";"11844";"16.5";"2020"
"1623";"11841";"192.9";"2020"
"1624";"11822";"335.3";"2020"
"1625";"11803";"90.1";"2020"
"1626";"11796";"310.8";"2020"
"1627";"11763";"81.9";"2020"
"1628";"11759";"110.3";"2020"
"1629";"11473";"15.8";"2020"
"1630";"11395";"40.6";"2020"
"1631";"11214";"1.4";"2020"
"1632";"11047";"144.9";"2020"
"1633";"10927";"52";"2020"
"1634";"10870";"1.5";"2020"
"1635";"10805";"11.7";"2020"
"1636";"10790";"3.6";"2020"
"1637";"10784";"29.2";"2020"
"1638";"10777";"14.6";"2020"
"1639";"10770";"74.6";"2020"
"1640";"10753";"20.6";"2020"
"1641";"10724";"11.2";"2020"
"1642";"10707";"172.1";"2020"
"1643";"10679";"286.6";"2020"
"1644";"10638";"186.1";"2020"
"1645";"9902";"96.3";"2020"
"1646";"9783";"92.7";"2020"
"1647";"9559";"178";"2020"
"1648";"9527";"3.1";"2020"
"1649";"9519";"143.5";"2020"
"1650";"9510";"71.4";"2020"
"1651";"9506";"10.7";"2020"
"1652";"9487";"17.8";"2020"
"1653";"9469";"14.7";"2020"
"1654";"9448";"167.4";"2020"
"1655";"9443";"144.7";"2020"
"1656";"9035";"0.9";"2020"
"1657";"8765";"80";"2020"
"1658";"8738";"32.5";"2020"
"1659";"8731";"108.6";"2020"
"1660";"8692";"75.9";"2020"
"1661";"8000";"0";"2020"
"1662";"7980";"2.2";"2020"
"1663";"7971";"95.1";"2020"
"1664";"7963";"0";"2020"
"1665";"7962";"123.7";"2020"
"1666";"7936";"32.6";"2020"
"1667";"7829";"65.6";"2020"
"1668";"7818";"134.9";"2020"
"1669";"7810";"51.1";"2020"
"1670";"7165";"38";"2020"
"1671";"7097";"1.6";"2020"
"1672";"6301";"50";"2020"
"1673";"6277";"0";"2020"
"1674";"6180";"45";"2020"
"1675";"4976";"20.7";"2020"
"1676";"3623";"106.6";"2020"
"1677";"2282";"93.2";"2020"
"1678";"50714";"1.8";"2020"
"1679";"50293";"0";"2020"
"1680";"48889";"0";"2020"
"1681";"48862";"13.9";"2020"
"1682";"47121";"0";"2020"
"1683";"47044";"0";"2020"
"1684";"46441";"0";"2020"
"1685";"46004";"0";"2020"
"1686";"45980";"0";"2020"
"1687";"45629";"1.9";"2020"
"1688";"44889";"5.9";"2020"
"1689";"40117";"16.7";"2020"
"1690";"38329";"0";"2020"
"1691";"34934";"23.4";"2020"
"1692";"32565";"12.5";"2020"
"1693";"25859";"0";"2020"
"1694";"11948";"5.2";"2020"
"1695";"11347";"16.1";"2020"
"1696";"11332";"0";"2020"
"1697";"11300";"4.5";"2020"
"1698";"10832";"0";"2020"
"1699";"10810";"2.7";"2020"
"1700";"9601";"6.6";"2020"
"1701";"9302";"12.1";"2020"
"1702";"7912";"70.2";"2020"
"1703";"6515";"1.9";"2020"
"1704";"6363";"0.7";"2020"
"1705";"6288";"7.2";"2020"
"1706";"94365";"1.6";"2020"
"1707";"91468";"1.1";"2020"
"1708";"62825";"1.8";"2020"
"1709";"61072";"4.9";"2020"
"1710";"60995";"42.4";"2020"
"1711";"47358";"0";"2020"
"1712";"47153";"125.6";"2020"
"1713";"47149";"5.2";"2020"
"1714";"47034";"1.7";"2020"
"1715";"42266";"0";"2020"
"1716";"42060";"77.5";"2020"
"1717";"42018";"1";"2020"
"1718";"36049";"0";"2020"
"1719";"29556";"5.5";"2020"
"1720";"26394";"51.8";"2020"
"1721";"20994";"36.9";"2020"
"1722";"12320";"1.7";"2020"
"1723";"12239";"7.2";"2020"
"1724";"12206";"7.3";"2020"
"1725";"12193";"141.8";"2020"
"1726";"11929";"1.7";"2020"
"1727";"11909";"1.1";"2020"
"1728";"11900";"1.5";"2020"
"1729";"11855";"118.4";"2020"
"1730";"11800";"36.3";"2020"
"1731";"11160";"7.9";"2020"
"1732";"10811";"1.5";"2020"
"1733";"10772";"0";"2020"
"1734";"10715";"78.8";"2020"
"1735";"9593";"31.2";"2020"
"1736";"8645";"112.8";"2020"
"1737";"8200";"13.6";"2020"
"1738";"7866";"60.1";"2020"
"1739";"5619";"116.1";"2020"
"1740";"109795";"29.6";"2020"
"1741";"94371";"0.6";"2020"
"1742";"91014";"27.7";"2020"
"1743";"66940";"8.3";"2020"
"1744";"66924";"5.6";"2020"
"1745";"61068";"1";"2020"
"1746";"52266";"2.6";"2020"
"1747";"51842";"75.2";"2020"
"1748";"51837";"61.4";"2020"
"1749";"47928";"0";"2020"
"1750";"47743";"0";"2020"
"1751";"47436";"134.4";"2020"
"1752";"47338";"0";"2020"
"1753";"47333";"9.5";"2020"
"1754";"47327";"25.4";"2020"
"1755";"47307";"0";"2020"
"1756";"47304";"105.5";"2020"
"1757";"47294";"110.3";"2020"
"1758";"47282";"0";"2020"
"1759";"47272";"93.4";"2020"
"1760";"47259";"57.4";"2020"
"1761";"47257";"42";"2020"
"1762";"47164";"44.4";"2020"
"1763";"47131";"0.7";"2020"
"1764";"47124";"29.4";"2020"
"1765";"47119";"0.8";"2020"
"1766";"47081";"23.4";"2020"
"1767";"47050";"63.8";"2020"
"1768";"47043";"28.3";"2020"
"1769";"47033";"0";"2020"
"1770";"42388";"109.5";"2020"
"1771";"42257";"4.3";"2020"
"1772";"42130";"29.1";"2020"
"1773";"42062";"6.8";"2020"
"1774";"41933";"23.6";"2020"
"1775";"40973";"18.1";"2020"
"1776";"40951";"8.6";"2020"
"1777";"40912";"136.8";"2020"
"1778";"40294";"0";"2020"
"1779";"38305";"0";"2020"
"1780";"37213";"5";"2020"
"1781";"35883";"52.9";"2020"
"1782";"31849";"4";"2020"
"1783";"30762";"46.6";"2020"
"1784";"27766";"1.5";"2020"
"1785";"24606";"0";"2020"
"1786";"23652";"0";"2020"
"1787";"12247";"22";"2020"
"1788";"12145";"6.8";"2020"
"1789";"12122";"19.2";"2020"
"1790";"12078";"65.9";"2020"
"1791";"12051";"50.3";"2020"
"1792";"12037";"0";"2020"
"1793";"12020";"0";"2020"
"1794";"12007";"0";"2020"
"1795";"11901";"90.8";"2020"
"1796";"11799";"69.9";"2020"
"1797";"11784";"40.5";"2020"
"1798";"11778";"107.8";"2020"
"1799";"11774";"32.1";"2020"
"1800";"11439";"0";"2020"
"1801";"11062";"0";"2020"
"1802";"10744";"98.6";"2020"
"1803";"10728";"22.5";"2020"
"1804";"10669";"115.3";"2020"
"1805";"10320";"0";"2020"
"1806";"10211";"8.2";"2020"
"1807";"10144";"1.8";"2020"
"1808";"9786";"0";"2020"
"1809";"9679";"18.8";"2020"
"1810";"9637";"203.9";"2020"
"1811";"9606";"38.7";"2020"
"1812";"9604";"30.3";"2020"
"1813";"9590";"18.7";"2020"
"1814";"9576";"25.4";"2020"
"1815";"9550";"16.7";"2020"
"1816";"9518";"35.9";"2020"
"1817";"9488";"20.2";"2020"
"1818";"9207";"52.6";"2020"
"1819";"9185";"69.3";"2020"
"1820";"8755";"128.3";"2020"
"1821";"8733";"58.5";"2020"
"1822";"8549";"65.7";"2020"
"1823";"8524";"8";"2020"
"1824";"8520";"50.4";"2020"
"1825";"7982";"13.1";"2020"
"1826";"7940";"1.7";"2020"
"1827";"7915";"5.6";"2020"
"1828";"7844";"259.1";"2020"
"1829";"7836";"11.6";"2020"
"1830";"7816";"54.4";"2020"
"1831";"7802";"63.4";"2020"
"1832";"7406";"1.9";"2020"
"1833";"6356";"12.5";"2020"
"1834";"6311";"17.5";"2020"
"1835";"6256";"8";"2020"
"1836";"6195";"52.4";"2020"
"1837";"5567";"121.9";"2020"
"1838";"5012";"97.6";"2020"
"1839";"3647";"41.9";"2020"
"1840";"2973";"32.3";"2020"
"1841";"1384";"25.4";"2020"
