"";"player_id";"fantasy_pts";"year";"sleeper_id";"position"
"1";"46601";"786.3";"2019";"4984";"QB"
"2";"46586";"60.7";"2019";"5108";"QB"
"3";"46569";"386.1";"2019";"4972";"QB"
"4";"46518";"746.5";"2019";"4892";"QB"
"5";"46508";"167.4";"2019";"6450";"QB"
"6";"46426";"102.7";"2019";"5885";"QB"
"7";"46416";"1000.1";"2019";"4881";"QB"
"8";"41897";"271.7";"2019";"5845";"QB"
"9";"41401";"752.6";"2019";"6011";"QB"
"10";"39517";"203.7";"2019";"5854";"QB"
"11";"39395";"659.7";"2019";"5870";"QB"
"12";"38334";"843.4";"2019";"5849";"QB"
"13";"38265";"24.7";"2019";"5903";"QB"
"14";"35460";"81.5";"2019";"4863";"QB"
"15";"29838";"169.9";"2019";"6595";"QB"
"16";"29048";"616.8";"2019";"4943";"QB"
"17";"26152";"630.6";"2019";"5127";"QB"
"18";"21956";"0.6";"2019";"5257";"QB"
"19";"13725";"-8.6";"2019";"6136";"QB"
"20";"12324";"0";"2019";"4574";"QB"
"21";"12282";"-2.1";"2019";"4464";"QB"
"22";"12112";"33.4";"2019";"4381";"QB"
"23";"11767";"946.5";"2019";"4017";"QB"
"24";"11765";"995.3";"2019";"4046";"QB"
"25";"11757";"696.4";"2019";"3976";"QB"
"26";"10841";"156.2";"2019";"3362";"QB"
"27";"10835";"108.3";"2019";"3357";"QB"
"28";"10769";"1112";"2019";"3294";"QB"
"29";"10725";"706.2";"2019";"3257";"QB"
"30";"10636";"950.6";"2019";"3161";"QB"
"31";"10635";"941";"2019";"3163";"QB"
"32";"9683";"0.1";"2019";"2549";"QB"
"33";"9580";"13.8";"2019";"2450";"QB"
"34";"9522";"-3.5";"2019";"2394";"QB"
"35";"9435";"279.6";"2019";"2307";"QB"
"36";"9434";"987.6";"2019";"2306";"QB"
"37";"8848";"-2.1";"2019";"2229";"QB"
"38";"8818";"-1";"2019";"2106";"QB"
"39";"8799";"-1";"2019";"1895";"QB"
"40";"8697";"831.7";"2019";"1837";"QB"
"41";"8671";"883.2";"2019";"2028";"QB"
"42";"8667";"339.3";"2019";"2152";"QB"
"43";"8638";"-1.7";"2019";"1979";"QB"
"44";"7983";"2.4";"2019";"1550";"QB"
"45";"7880";"18.9";"2019";"1338";"QB"
"46";"7854";"17.2";"2019";"1559";"QB"
"47";"7610";"0.7";"2019";"1262";"QB"
"48";"7323";"360.1";"2019";"1737";"QB"
"49";"7102";"891.6";"2019";"1166";"QB"
"50";"7089";"172.3";"2019";"1029";"QB"
"51";"7077";"993.5";"2019";"1234";"QB"
"52";"7014";"621.8";"2019";"1049";"QB"
"53";"7008";"21.8";"2019";"1169";"QB"
"54";"6332";"9.1";"2019";"827";"QB"
"55";"6187";"716.5";"2019";"829";"QB"
"56";"6153";"119.8";"2019";"954";"QB"
"57";"5609";"18.6";"2019";"533";"QB"
"58";"5277";"59.3";"2019";"345";"QB"
"59";"5214";"92.7";"2019";"490";"QB"
"60";"4924";"604.5";"2019";"421";"QB"
"61";"4332";"395.9";"2019";"19";"QB"
"62";"4317";"955";"2019";"24";"QB"
"63";"4018";"166.6";"2019";"233";"QB"
"64";"2467";"719.9";"2019";"333";"QB"
"65";"2241";"948.9";"2019";"96";"QB"
"66";"1811";"138.9";"2019";"178";"QB"
"67";"1732";"76.6";"2019";"138";"QB"
"68";"1725";"918.6";"2019";"331";"QB"
"69";"1722";"222.3";"2019";"188";"QB"
"70";"1085";"4.9";"2019";"208";"QB"
"71";"802";"719.6";"2019";"289";"QB"
"72";"698";"943.5";"2019";"167";"QB"
"73";"91479";"2.4";"2019";"6427";"WR"
"74";"91472";"5.6";"2019";"6247";"WR"
"75";"66957";"29.2";"2019";"5260";"WR"
"76";"66438";"-1";"2019";"4878";"WR"
"77";"63664";"-1";"2019";"6381";"WR"
"78";"61568";"100.8";"2019";"5848";"WR"
"79";"51593";"46";"2019";"4622";"WR"
"80";"48331";"0";"2019";"6045";"WR"
"81";"48327";"175.9";"2019";"5859";"WR"
"82";"48274";"133.2";"2019";"5872";"WR"
"83";"48267";"169.5";"2019";"4983";"WR"
"84";"48262";"147.5";"2019";"4981";"WR"
"85";"48229";"149.8";"2019";"5927";"WR"
"86";"48209";"38.1";"2019";"5965";"WR"
"87";"48182";"13.2";"2019";"5080";"WR"
"88";"48164";"164.9";"2019";"5045";"WR"
"89";"48135";"65.8";"2019";"5185";"WR"
"90";"48101";"6.8";"2019";"5310";"WR"
"91";"48055";"0.9";"2019";"6557";"WR"
"92";"48023";"-2";"2019";"6059";"WR"
"93";"47959";"6.5";"2019";"6628";"WR"
"94";"47933";"0.5";"2019";"5873";"WR"
"95";"47908";"2.5";"2019";"5432";"WR"
"96";"47864";"129";"2019";"5846";"WR"
"97";"47809";"60.4";"2019";"5086";"WR"
"98";"47481";"29.7";"2019";"6290";"WR"
"99";"47448";"34.3";"2019";"5915";"WR"
"100";"44920";"21.1";"2019";"6271";"WR"
"101";"42683";"104.5";"2019";"5917";"WR"
"102";"42345";"28";"2019";"5199";"WR"
"103";"39587";"12";"2019";"5962";"WR"
"104";"38855";"54.6";"2019";"6148";"WR"
"105";"38275";"0";"2019";"6223";"WR"
"106";"35014";"23.8";"2019";"5863";"WR"
"107";"29622";"13.3";"2019";"5197";"WR"
"108";"28621";"3.8";"2019";"6209";"WR"
"109";"26075";"139.3";"2019";"5038";"WR"
"110";"23172";"2.2";"2019";"4752";"WR"
"111";"21528";"13";"2019";"5570";"WR"
"112";"13597";"10.3";"2019";"5101";"WR"
"113";"12087";"20.3";"2019";"4351";"WR"
"114";"12077";"0";"2019";"4050";"WR"
"115";"12014";"0.3";"2019";"4526";"WR"
"116";"11981";"41.2";"2019";"4274";"WR"
"117";"11873";"8";"2019";"4177";"WR"
"118";"11872";"43.8";"2019";"4171";"WR"
"119";"11764";"68";"2019";"4038";"WR"
"120";"11762";"144";"2019";"4068";"WR"
"121";"11440";"50.6";"2019";"3895";"WR"
"122";"11074";"36.7";"2019";"3445";"WR"
"123";"10840";"-1.2";"2019";"3652";"WR"
"124";"10833";"4.1";"2019";"3355";"WR"
"125";"10797";"32.8";"2019";"3319";"WR"
"126";"10681";"271.8";"2019";"3199";"WR"
"127";"10674";"83.8";"2019";"3200";"WR"
"128";"10656";"0";"2019";"3178";"WR"
"129";"10655";"100.5";"2019";"3157";"WR"
"130";"10154";"111.2";"2019";"2583";"WR"
"131";"10038";"-0.6";"2019";"2602";"WR"
"132";"9964";"32.5";"2019";"2673";"WR"
"133";"9579";"200.6";"2019";"2449";"WR"
"134";"9540";"16";"2019";"2412";"WR"
"135";"9509";"107.4";"2019";"2381";"WR"
"136";"9474";"2.9";"2019";"2346";"WR"
"137";"9459";"82.9";"2019";"2331";"WR"
"138";"9453";"39.5";"2019";"2325";"WR"
"139";"9447";"173";"2019";"2319";"WR"
"140";"9079";"41.7";"2019";"2039";"WR"
"141";"8725";"-8.4";"2019";"1971";"WR"
"142";"8696";"146.7";"2019";"1992";"WR"
"143";"8691";"40.6";"2019";"2004";"WR"
"144";"8688";"122.8";"2019";"2133";"WR"
"145";"8655";"80.5";"2019";"2197";"WR"
"146";"8642";"182.9";"2019";"2216";"WR"
"147";"8639";"85.9";"2019";"1817";"WR"
"148";"7808";"169.6";"2019";"1426";"WR"
"149";"7472";"2";"2019";"1312";"WR"
"150";"7048";"70.4";"2019";"1149";"WR"
"151";"6468";"2.6";"2019";"1329";"WR"
"152";"6158";"193.6";"2019";"947";"WR"
"153";"4467";"0";"2019";"312";"WR"
"154";"48341";"46.5";"2019";"6402";"WR"
"155";"48213";"1";"2019";"6363";"WR"
"156";"48021";"5";"2019";"5154";"WR"
"157";"47961";"14.3";"2019";"5121";"WR"
"158";"47509";"76.1";"2019";"5955";"WR"
"159";"45416";"19.9";"2019";"4998";"WR"
"160";"39588";"2.9";"2019";"5166";"WR"
"161";"39145";"0";"2019";"6593";"WR"
"162";"29578";"3.7";"2019";"5119";"K"
"163";"29347";"-1.3";"2019";"6519";"WR"
"164";"12258";"24.7";"2019";"6744";"WR"
"165";"12043";"2.2";"2019";"4669";"WR"
"166";"11824";"169.7";"2019";"4039";"WR"
"167";"10689";"127.5";"2019";"3225";"WR"
"168";"10075";"54";"2019";"2822";"WR"
"169";"9538";"100.9";"2019";"2410";"WR"
"170";"8999";"56.3";"2019";"1911";"WR"
"171";"8943";"34.9";"2019";"2025";"WR"
"172";"7118";"17.3";"2019";"1215";"WR"
"173";"6216";"113.1";"2019";"928";"WR"
"174";"5612";"-0.6";"2019";"627";"WR"
"175";"5585";"93.3";"2019";"642";"WR"
"176";"5156";"151.1";"2019";"344";"WR"
"177";"4717";"76.4";"2019";"491";"WR"
"178";"1724";"106.3";"2019";"223";"WR"
"179";"8995";"0";"2019";"1961";"G"
"180";"91248";"3";"2019";"5828";"WR"
"181";"66915";"19.9";"2019";"5374";"WR"
"182";"48228";"38.1";"2019";"5026";"WR"
"183";"48170";"3.7";"2019";"5113";"WR"
"184";"48160";"83";"2019";"5013";"WR"
"185";"48143";"17.1";"2019";"6032";"WR"
"186";"48017";"0";"2019";"5134";"WR"
"187";"47940";"20.2";"2019";"5880";"WR"
"188";"47882";"41.7";"2019";"6088";"WR"
"189";"47698";"33.7";"2019";"5007";"WR"
"190";"47468";"44.8";"2019";"5947";"WR"
"191";"44771";"43";"2019";"5110";"WR"
"192";"42247";"-1";"2019";"5938";"WR"
"193";"38276";"12";"2019";"5139";"WR"
"194";"33158";"0";"2019";"6380";"WR"
"195";"23254";"0";"2019";"5722";"WR"
"196";"12303";"94.3";"2019";"4319";"WR"
"197";"12215";"-1.7";"2019";"4416";"WR"
"198";"11888";"-0.6";"2019";"4162";"WR"
"199";"11865";"69";"2019";"4146";"WR"
"200";"11839";"232.7";"2019";"4037";"WR"
"201";"11817";"79.2";"2019";"4040";"WR"
"202";"11163";"4.2";"2019";"3730";"WR"
"203";"11141";"28.4";"2019";"3503";"WR"
"204";"11028";"29";"2019";"3634";"WR"
"205";"10918";"27.9";"2019";"3582";"WR"
"206";"10774";"58.2";"2019";"3297";"WR"
"207";"10751";"28.7";"2019";"3278";"WR"
"208";"10657";"31.3";"2019";"3155";"WR"
"209";"9502";"163.2";"2019";"2374";"WR"
"210";"8759";"0";"2019";"2023";"WR"
"211";"8698";"155.4";"2019";"1825";"WR"
"212";"8128";"34";"2019";"1684";"WR"
"213";"7857";"155.6";"2019";"1479";"WR"
"214";"7330";"114.1";"2019";"1144";"WR"
"215";"6597";"22.5";"2019";"2291";"WR"
"216";"95015";"3.8";"2019";"6699";"WR"
"217";"94379";"0";"2019";"6588";"WR"
"218";"91470";"4.4";"2019";"6234";"WR"
"219";"61737";"4.9";"2019";"6549";"WR"
"220";"50293";"3.7";"2019";"6120";"DT"
"221";"48297";"17.7";"2019";"5878";"WR"
"222";"48230";"6.1";"2019";"5250";"WR"
"223";"48192";"61";"2019";"5130";"WR"
"224";"48113";"12.3";"2019";"4992";"WR"
"225";"48110";"-4.9";"2019";"6069";"WR"
"226";"48078";"39.5";"2019";"5781";"WR"
"227";"47931";"41.9";"2019";"5884";"WR"
"228";"47900";"1.7";"2019";"5241";"WR"
"229";"47792";"107";"2019";"5024";"WR"
"230";"47702";"155.3";"2019";"4951";"WR"
"231";"47546";"95.2";"2019";"4950";"WR"
"232";"47508";"-1";"2019";"5132";"WR"
"233";"47417";"0";"2019";"4854";"WR"
"234";"41406";"13.1";"2019";"5111";"WR"
"235";"34164";"-2";"2019";"6421";"WR"
"236";"33441";"99.9";"2019";"5937";"WR"
"237";"29726";"7.1";"2019";"5661";"WR"
"238";"28991";"28.8";"2019";"5137";"WR"
"239";"26586";"0";"2019";"6168";"WR"
"240";"26104";"4.9";"2019";"5773";"WR"
"241";"25578";"121";"2019";"6149";"WR"
"242";"23670";"12";"2019";"4942";"WR"
"243";"12270";"62.6";"2019";"4454";"WR"
"244";"12163";"0";"2019";"4489";"WR"
"245";"12088";"4.2";"2019";"4344";"WR"
"246";"12067";"-2.5";"2019";"4480";"WR"
"247";"12052";"1.6";"2019";"4420";"WR"
"248";"11991";"20";"2019";"4252";"WR"
"249";"11964";"1.4";"2019";"4285";"WR"
"250";"11927";"32.7";"2019";"4197";"WR"
"251";"11920";"1.3";"2019";"4198";"WR"
"252";"11883";"0";"2019";"4160";"WR"
"253";"11853";"-1";"2019";"4128";"WR"
"254";"11851";"189.6";"2019";"4131";"WR"
"255";"11827";"-1";"2019";"4125";"WR"
"256";"11795";"94.3";"2019";"4082";"WR"
"257";"11792";"10.6";"2019";"4080";"WR"
"258";"11760";"75.9";"2019";"4036";"WR"
"259";"11366";"11.6";"2019";"3846";"WR"
"260";"11354";"-6";"2019";"3476";"WR"
"261";"11254";"111.8";"2019";"3423";"WR"
"262";"11107";"54.2";"2019";"3433";"WR"
"263";"10820";"12.3";"2019";"3342";"WR"
"264";"10806";"7";"2019";"3328";"WR"
"265";"10799";"133.4";"2019";"3321";"WR"
"266";"10760";"61.5";"2019";"3286";"WR"
"267";"10741";"0.7";"2019";"3269";"WR"
"268";"9883";"33.9";"2019";"2821";"WR"
"269";"9859";"15.9";"2019";"2750";"WR"
"270";"9697";"1";"2019";"2801";"WR"
"271";"9619";"6.1";"2019";"2487";"WR"
"272";"9592";"8.2";"2019";"2462";"WR"
"273";"9470";"21.1";"2019";"2342";"WR"
"274";"9462";"54.1";"2019";"2334";"WR"
"275";"9437";"177.9";"2019";"2309";"WR"
"276";"9002";"55.6";"2019";"1903";"WR"
"277";"8931";"61.2";"2019";"1984";"WR"
"278";"8914";"22.6";"2019";"2003";"WR"
"279";"8843";"-3.3";"2019";"1854";"WR"
"280";"8824";"9.1";"2019";"2121";"WR"
"281";"8777";"-4.2";"2019";"2093";"WR"
"282";"8726";"158.4";"2019";"2238";"WR"
"283";"8680";"29.5";"2019";"2279";"WR"
"284";"8677";"-4.4";"2019";"1800";"TE"
"285";"8674";"1.8";"2019";"1987";"WR"
"286";"8647";"114.8";"2019";"2078";"WR"
"287";"8288";"78.8";"2019";"1689";"WR"
"288";"8254";"-1.5";"2019";"1333";"WR"
"289";"7926";"95.2";"2019";"1555";"WR"
"290";"7859";"28.7";"2019";"1346";"WR"
"291";"7822";"159.1";"2019";"1352";"WR"
"292";"7810";"17.4";"2019";"1535";"RB"
"293";"7789";"34.6";"2019";"1567";"WR"
"294";"7618";"59.4";"2019";"1244";"WR"
"295";"7158";"131.8";"2019";"1067";"WR"
"296";"7100";"-7";"2019";"1077";"WR"
"297";"7092";"62.8";"2019";"1110";"WR"
"298";"7084";"53.7";"2019";"1071";"WR"
"299";"6328";"0.9";"2019";"902";"WR"
"300";"5718";"9.7";"2019";"536";"WR"
"301";"5606";"128.3";"2019";"538";"WR"
"302";"5547";"53.6";"2019";"560";"WR"
"303";"4933";"1.4";"2019";"455";"WR"
"304";"4363";"34.3";"2019";"147";"WR"
"305";"3625";"55.8";"2019";"695";"WR"
"306";"83791";"14.1";"2019";"6178";"RB"
"307";"66446";"0";"2019";"5123";"RB"
"308";"48103";"45.6";"2019";"5347";"RB"
"309";"47542";"18.2";"2019";"5162";"RB"
"310";"47297";"36.8";"2019";"5107";"RB"
"311";"46027";"73.8";"2019";"5248";"RB"
"312";"45996";"20";"2019";"4997";"RB"
"313";"45954";"28.1";"2019";"6156";"RB"
"314";"45953";"154.2";"2019";"5850";"RB"
"315";"45934";"15.1";"2019";"6002";"RB"
"316";"45932";"23.1";"2019";"5004";"RB"
"317";"45914";"16.3";"2019";"5980";"RB"
"318";"45913";"-1.1";"2019";"6153";"RB"
"319";"45903";"0";"2019";"6068";"RB"
"320";"45865";"20.7";"2019";"5995";"RB"
"321";"45859";"7.6";"2019";"6012";"RB"
"322";"45851";"59.3";"2019";"5000";"RB"
"323";"45826";"0.9";"2019";"6446";"RB"
"324";"45817";"56.8";"2019";"5987";"RB"
"325";"45810";"17.4";"2019";"6007";"RB"
"326";"45791";"152.3";"2019";"4866";"RB"
"327";"45783";"210";"2019";"4988";"RB"
"328";"45769";"16.4";"2019";"6039";"RB"
"329";"45764";"-2.6";"2019";"6585";"RB"
"330";"45747";"74.6";"2019";"5046";"RB"
"331";"45741";"2.6";"2019";"4994";"RB"
"332";"45734";"12.4";"2019";"6694";"RB"
"333";"45731";"30.5";"2019";"5112";"RB"
"334";"45719";"86.2";"2019";"5892";"RB"
"335";"45691";"21.7";"2019";"5536";"RB"
"336";"45664";"50.3";"2019";"4949";"RB"
"337";"45662";"-1.6";"2019";"5136";"RB"
"338";"44889";"6.9";"2019";"6379";"FB"
"339";"41193";"14.3";"2019";"5916";"RB"
"340";"40555";"160.7";"2019";"6151";"RB"
"341";"40485";"109.3";"2019";"6130";"RB"
"342";"39541";"-1.3";"2019";"5619";"RB"
"343";"39462";"39.2";"2019";"5122";"RB"
"344";"38329";"14";"2019";"4696";"RB"
"345";"35134";"0.4";"2019";"5890";"RB"
"346";"34761";"0.3";"2019";"5076";"RB"
"347";"34455";"46.4";"2019";"5068";"RB"
"348";"34001";"105.4";"2019";"5052";"RB"
"349";"31615";"17.5";"2019";"5209";"RB"
"350";"30228";"6.4";"2019";"6115";"RB"
"351";"29539";"22.7";"2019";"5131";"RB"
"352";"29413";"30.8";"2019";"5284";"RB"
"353";"28219";"25.3";"2019";"6311";"RB"
"354";"27589";"83.9";"2019";"4962";"RB"
"355";"27414";"68.1";"2019";"4985";"RB"
"356";"27126";"64.4";"2019";"5967";"RB"
"357";"26618";"45";"2019";"5100";"RB"
"358";"26392";"14.5";"2019";"6175";"RB"
"359";"25681";"-0.8";"2019";"5464";"RB"
"360";"13014";"46.6";"2019";"5549";"RB"
"361";"12888";"0";"2019";"5271";"RB"
"362";"12660";"128.3";"2019";"5170";"RB"
"363";"12329";"35.3";"2019";"4718";"RB"
"364";"12271";"82.4";"2019";"4455";"RB"
"365";"12164";"223.2";"2019";"4663";"RB"
"366";"12004";"170.7";"2019";"4273";"RB"
"367";"11937";"217";"2019";"4199";"RB"
"368";"11935";"1.1";"2019";"4186";"RB"
"369";"11911";"42.7";"2019";"4187";"RB"
"370";"11898";"119.2";"2019";"4152";"RB"
"371";"11895";"31.4";"2019";"4150";"RB"
"372";"11889";"89.6";"2019";"4149";"RB"
"373";"11874";"46";"2019";"4157";"RB"
"374";"11869";"0";"2019";"4147";"RB"
"375";"11860";"92";"2019";"4137";"RB"
"376";"11841";"53.5";"2019";"4098";"RB"
"377";"11822";"136.6";"2019";"4035";"RB"
"378";"11803";"123.6";"2019";"4018";"RB"
"379";"11797";"0";"2019";"4091";"DB"
"380";"11796";"222.3";"2019";"4029";"RB"
"381";"11763";"319.3";"2019";"4034";"RB"
"382";"11759";"157.3";"2019";"3969";"RB"
"383";"11473";"3.8";"2019";"3934";"RB"
"384";"11395";"40.8";"2019";"3868";"RB"
"385";"11104";"2.2";"2019";"3688";"RB"
"386";"11047";"51.3";"2019";"3664";"RB"
"387";"10927";"54";"2019";"3594";"RB"
"388";"10907";"0.3";"2019";"3453";"RB"
"389";"10870";"9.3";"2019";"3391";"RB"
"390";"10790";"35.8";"2019";"3312";"RB"
"391";"10787";"10";"2019";"3309";"RB"
"392";"10784";"79.3";"2019";"3306";"RB"
"393";"10783";"1.1";"2019";"3211";"RB"
"394";"10777";"58.9";"2019";"3300";"RB"
"395";"10770";"3.8";"2019";"3209";"RB"
"396";"10753";"0.7";"2019";"3280";"RB"
"397";"10724";"16.1";"2019";"3204";"RB"
"398";"10707";"127.3";"2019";"3242";"RB"
"399";"10679";"217.3";"2019";"3198";"RB"
"400";"10639";"0";"2019";"3160";"CB"
"401";"10638";"198.4";"2019";"3164";"RB"
"402";"9902";"30.3";"2019";"2588";"RB"
"403";"9783";"131.8";"2019";"2749";"RB"
"404";"9761";"-0.1";"2019";"2560";"RB"
"405";"9601";"-1";"2019";"2471";"FB"
"406";"9582";"0";"2019";"2452";"RB"
"407";"9559";"-0.6";"2019";"2431";"RB"
"408";"9558";"5.9";"2019";"2430";"RB"
"409";"9527";"12.1";"2019";"2399";"WR"
"410";"9519";"95";"2019";"2391";"RB"
"411";"9510";"92.6";"2019";"2382";"RB"
"412";"9506";"87.2";"2019";"2378";"RB"
"413";"9487";"18.9";"2019";"2359";"RB"
"414";"9469";"18";"2019";"2341";"RB"
"415";"9448";"87.2";"2019";"2320";"RB"
"416";"9443";"121";"2019";"2315";"RB"
"417";"9205";"64.9";"2019";"1833";"RB"
"418";"8765";"109.2";"2019";"1848";"RB"
"419";"8738";"106.1";"2019";"2168";"RB"
"420";"8692";"114.3";"2019";"2257";"RB"
"421";"8101";"0.6";"2019";"1451";"RB"
"422";"8000";"0";"2019";"1343";"DB"
"423";"7975";"1.6";"2019";"1601";"RB"
"424";"7971";"66.9";"2019";"1387";"RB"
"425";"7963";"4";"2019";"1546";"RB"
"426";"7962";"94.4";"2019";"1476";"RB"
"427";"7936";"53.5";"2019";"1502";"RB"
"428";"7896";"0";"2019";"1488";"CB"
"429";"7829";"97.6";"2019";"1408";"RB"
"430";"7818";"29";"2019";"1386";"RB"
"431";"7469";"37.8";"2019";"1034";"RB"
"432";"7165";"0.3";"2019";"1170";"RB"
"433";"6301";"33.2";"2019";"788";"RB"
"434";"6278";"13.5";"2019";"818";"RB"
"435";"6180";"197";"2019";"956";"RB"
"436";"4976";"80.7";"2019";"676";"RB"
"437";"3623";"102.4";"2019";"184";"RB"
"438";"2347";"2.5";"2019";"246";"RB"
"439";"2282";"52.4";"2019";"232";"RB"
"440";"48862";"6.4";"2019";"4353";"FB"
"441";"45775";"0";"2019";"6144";"RB"
"442";"45753";"0";"2019";"5163";"RB"
"443";"45629";"0";"2019";"6298";"FB"
"444";"45038";"0";"2019";"6553";"RB"
"445";"39258";"-0.2";"2019";"6167";"RB"
"446";"38844";"0";"2019";"6293";"FB"
"447";"34934";"8.7";"2019";"6109";"FB"
"448";"32565";"-0.5";"2019";"6202";"FB"
"449";"27413";"-0.6";"2019";"5116";"FB"
"450";"12253";"0";"2019";"4651";"RB"
"451";"11948";"3.4";"2019";"4226";"FB"
"452";"11804";"0";"2019";"4097";"LB"
"453";"11347";"19.4";"2019";"3832";"FB"
"454";"11300";"1.1";"2019";"3803";"RB"
"455";"10848";"0";"2019";"3369";"LB"
"456";"10832";"6.4";"2019";"3354";"FB"
"457";"10831";"11";"2019";"3353";"FB"
"458";"10810";"9.6";"2019";"3332";"FB"
"459";"10737";"0";"2019";"3265";"DT"
"460";"10269";"-0.2";"2019";"2174";"FB"
"461";"9468";"0";"2019";"2340";"DE"
"462";"9302";"0.9";"2019";"2073";"FB"
"463";"9184";"0";"2019";"1794";"RB"
"464";"8420";"0.7";"2019";"1693";"FB"
"465";"8077";"0";"2019";"1563";"LB"
"466";"7912";"29.4";"2019";"1379";"FB"
"467";"7572";"-4";"2019";"1308";"FB"
"468";"6997";"3.6";"2019";"1305";"FB"
"469";"6515";"7.6";"2019";"815";"FB"
"470";"6288";"2.2";"2019";"973";"RB"
"471";"6142";"-0.4";"2019";"1303";"FB"
"472";"5535";"0";"2019";"554";"DE"
"473";"91465";"17.2";"2019";"6075";"TE"
"474";"66966";"5.5";"2019";"5269";"TE"
"475";"51842";"9.2";"2019";"4741";"TE"
"476";"47333";"5.3";"2019";"5092";"TE"
"477";"47272";"84.4";"2019";"5022";"TE"
"478";"47259";"2.5";"2019";"6001";"TE"
"479";"47149";"5.6";"2019";"4362";"TE"
"480";"47124";"5.3";"2019";"5133";"TE"
"481";"47119";"0.6";"2019";"5957";"TE"
"482";"47081";"-1";"2019";"6139";"TE"
"483";"42018";"8.3";"2019";"6181";"TE"
"484";"36049";"0.3";"2019";"6018";"TE"
"485";"31849";"28.3";"2019";"5754";"TE"
"486";"29556";"7.5";"2019";"5277";"TE"
"487";"12267";"0";"2019";"4678";"TE"
"488";"12193";"14.2";"2019";"4602";"TE"
"489";"12122";"-1.7";"2019";"4323";"TE"
"490";"12007";"0";"2019";"4229";"TE"
"491";"11929";"0.7";"2019";"4189";"TE"
"492";"11778";"62.3";"2019";"4066";"TE"
"493";"11051";"3.9";"2019";"3668";"TE"
"494";"10772";"16.7";"2019";"3296";"TE"
"495";"10728";"20.7";"2019";"3258";"TE"
"496";"10320";"7.2";"2019";"3041";"TE"
"497";"10144";"9";"2019";"2751";"TE"
"498";"9786";"-0.3";"2019";"2755";"TE"
"499";"9662";"0.3";"2019";"2528";"TE"
"500";"9627";"15.3";"2019";"2495";"TE"
"501";"9550";"5.7";"2019";"2422";"TE"
"502";"9207";"42.3";"2019";"2214";"TE"
"503";"8954";"1.2";"2019";"2040";"TE"
"504";"8755";"19.1";"2019";"2251";"TE"
"505";"7844";"187.3";"2019";"1466";"TE"
"506";"7836";"30.7";"2019";"1587";"TE"
"507";"7816";"123.2";"2019";"1339";"TE"
"508";"7693";"0";"2019";"1269";"TE"
"509";"7128";"21.4";"2019";"1211";"TE"
"510";"6326";"36.4";"2019";"801";"TE"
"511";"5619";"57.6";"2019";"616";"TE"
"512";"3120";"31.5";"2019";"284";"TE"
"513";"1753";"19.8";"2019";"663";"TE"
"514";"94365";"10.7";"2019";"6451";"TE"
"515";"91468";"0";"2019";"6279";"TE"
"516";"66924";"2.2";"2019";"5409";"TE"
"517";"51837";"30.3";"2019";"4435";"TE"
"518";"48956";"3.7";"2019";"4969";"DT"
"519";"47436";"145.4";"2019";"5012";"TE"
"520";"47327";"21.8";"2019";"5094";"TE"
"521";"47304";"-0.3";"2019";"5001";"TE"
"522";"47294";"48.8";"2019";"4973";"TE"
"523";"47268";"0";"2019";"5756";"TE"
"524";"47257";"3.4";"2019";"5008";"TE"
"525";"47216";"4.1";"2019";"6137";"TE"
"526";"47186";"0";"2019";"6591";"TE"
"527";"47164";"-0.1";"2019";"5009";"TE"
"528";"47153";"73.7";"2019";"4993";"TE"
"529";"47150";"7.2";"2019";"6439";"TE"
"530";"47121";"12";"2019";"6323";"FB"
"531";"47083";"-1.5";"2019";"5973";"TE"
"532";"47050";"50.3";"2019";"5032";"TE"
"533";"47043";"42.3";"2019";"5985";"TE"
"534";"42388";"81.2";"2019";"5857";"TE"
"535";"42130";"14.3";"2019";"4995";"TE"
"536";"42062";"0";"2019";"5117";"TE"
"537";"42060";"40.5";"2019";"6126";"TE"
"538";"40973";"27.5";"2019";"6146";"TE"
"539";"40912";"41.4";"2019";"5844";"TE"
"540";"35883";"49.9";"2019";"5906";"TE"
"541";"30762";"54.8";"2019";"5010";"TE"
"542";"29686";"0";"2019";"6365";"TE"
"543";"24606";"-0.3";"2019";"4468";"TE"
"544";"23652";"0";"2019";"4605";"TE"
"545";"20994";"13.7";"2019";"5285";"TE"
"546";"12320";"58.5";"2019";"4571";"TE"
"547";"12247";"3.4";"2019";"4443";"TE"
"548";"12206";"0.3";"2019";"4314";"TE"
"549";"12078";"9.1";"2019";"4054";"TE"
"550";"12051";"44.3";"2019";"4421";"TE"
"551";"12037";"0.9";"2019";"4660";"TE"
"552";"12020";"46.8";"2019";"4531";"TE"
"553";"11909";"26.1";"2019";"4221";"TE"
"554";"11901";"154.4";"2019";"4217";"TE"
"555";"11855";"86";"2019";"4144";"TE"
"556";"11800";"7.3";"2019";"4085";"TE"
"557";"11799";"53.6";"2019";"4089";"TE"
"558";"11784";"4.7";"2019";"4033";"TE"
"559";"11774";"60.8";"2019";"4055";"TE"
"560";"11335";"7.8";"2019";"3465";"TE"
"561";"11326";"0";"2019";"3824";"TE"
"562";"11266";"0";"2019";"3774";"TE"
"563";"11062";"13.7";"2019";"3695";"TE"
"564";"10744";"93.5";"2019";"3271";"TE"
"565";"10715";"120.4";"2019";"3202";"TE"
"566";"10669";"95";"2019";"3214";"TE"
"567";"10211";"1.7";"2019";"3048";"TE"
"568";"9884";"0";"2019";"3036";"TE"
"569";"9840";"17.7";"2019";"2944";"TE"
"570";"9679";"3.5";"2019";"2545";"TE"
"571";"9637";"155.8";"2019";"2505";"TE"
"572";"9606";"25.6";"2019";"2476";"TE"
"573";"9604";"46";"2019";"2474";"TE"
"574";"9593";"11.4";"2019";"2463";"TE"
"575";"9590";"28.4";"2019";"2460";"TE"
"576";"9576";"12.4";"2019";"2446";"TE"
"577";"9525";"13.8";"2019";"2397";"TE"
"578";"9518";"9.7";"2019";"2390";"TE"
"579";"9501";"6.2";"2019";"2373";"TE"
"580";"9488";"29.8";"2019";"2360";"TE"
"581";"9400";"0";"2019";"2304";"TE"
"582";"9185";"0.8";"2019";"1793";"TE"
"583";"9092";"-1.9";"2019";"2082";"TE"
"584";"9032";"0";"2019";"1829";"T"
"585";"8645";"52.5";"2019";"2118";"TE"
"586";"8549";"66.2";"2019";"1592";"TE"
"587";"8524";"23.3";"2019";"1619";"TE"
"588";"8520";"59.4";"2019";"1706";"TE"
"589";"8200";"33.2";"2019";"1777";"TE"
"590";"7982";"62";"2019";"1425";"TE"
"591";"7940";"10.8";"2019";"1603";"TE"
"592";"7915";"1";"2019";"1642";"TE"
"593";"7802";"52.9";"2019";"1388";"TE"
"594";"7406";"17.7";"2019";"1718";"TE"
"595";"7274";"0";"2019";"1223";"TE"
"596";"6356";"14.1";"2019";"868";"TE"
"597";"6311";"7.2";"2019";"812";"TE"
"598";"6256";"-0.9";"2019";"963";"TE"
"599";"6199";"4.5";"2019";"964";"TE"
"600";"6195";"70.9";"2019";"943";"TE"
"601";"5012";"124.7";"2019";"367";"TE"
"602";"3647";"75";"2019";"58";"TE"
"603";"2973";"22.8";"2019";"111";"TE"
"604";"2951";"16.6";"2019";"200";"TE"
"605";"1384";"68.5";"2019";"23";"TE"
"606";"60326";"380.3";"2020";"6768";"QB"
"607";"46601";"1140.1";"2020";"4984";"QB"
"608";"46569";"-1.1";"2020";"4972";"QB"
"609";"46518";"819.6";"2020";"4892";"QB"
"610";"46517";"0.4";"2020";"5128";"QB"
"611";"46508";"4.9";"2020";"6450";"QB"
"612";"46487";"36";"2020";"6037";"QB"
"613";"46448";"4";"2020";"7083";"QB"
"614";"46440";"0.1";"2020";"6778";"QB"
"615";"46426";"28";"2020";"5885";"QB"
"616";"46416";"763.4";"2020";"4881";"QB"
"617";"41897";"295";"2020";"5845";"QB"
"618";"41401";"566.9";"2020";"6011";"QB"
"619";"40291";"255.3";"2020";"6904";"QB"
"620";"39517";"543.9";"2020";"5854";"QB"
"621";"39395";"634.5";"2020";"5870";"QB"
"622";"38334";"1061.6";"2020";"5849";"QB"
"623";"34311";"49.7";"2020";"7143";"QB"
"624";"34045";"-17.5";"2020";"7210";"WR"
"625";"32819";"24.4";"2020";"5974";"QB"
"626";"29466";"0.4";"2020";"6185";"QB"
"627";"29048";"428.2";"2020";"4943";"QB"
"628";"28237";"1013.3";"2020";"6797";"QB"
"629";"28022";"661.5";"2020";"6770";"QB"
"630";"26152";"156.7";"2020";"5127";"QB"
"631";"21956";"-9.3";"2020";"5257";"QB"
"632";"17287";"101.9";"2020";"7084";"QB"
"633";"13725";"34.1";"2020";"6136";"QB"
"634";"12282";"499";"2020";"4464";"QB"
"635";"12134";"47.2";"2020";"4335";"QB"
"636";"12112";"282.8";"2020";"4381";"QB"
"637";"11926";"5.8";"2020";"4183";"QB"
"638";"11859";"139.4";"2020";"4127";"QB"
"639";"11767";"1138.5";"2020";"4017";"QB"
"640";"11765";"1251.6";"2020";"4046";"QB"
"641";"11757";"444.9";"2020";"3976";"QB"
"642";"10841";"87.5";"2020";"3362";"QB"
"643";"10835";"209.4";"2020";"3357";"QB"
"644";"10769";"454.3";"2020";"3294";"QB"
"645";"10725";"10.1";"2020";"3257";"QB"
"646";"10636";"562.7";"2020";"3161";"QB"
"647";"10635";"912.7";"2020";"3163";"QB"
"648";"9896";"39.3";"2020";"2711";"QB"
"649";"9435";"64.8";"2020";"2307";"QB"
"650";"9434";"12";"2020";"2306";"QB"
"651";"8848";"55.2";"2020";"2229";"QB"
"652";"8799";"-1";"2020";"1895";"QB"
"653";"8697";"233.2";"2020";"1837";"QB"
"654";"8671";"936.7";"2020";"2028";"QB"
"655";"8667";"864.3";"2020";"2152";"QB"
"656";"8440";"4.1";"2020";"1612";"QB"
"657";"7880";"6";"2020";"1338";"QB"
"658";"7854";"172.2";"2020";"1559";"QB"
"659";"7820";"6.2";"2020";"1373";"QB"
"660";"7323";"11.7";"2020";"1737";"QB"
"661";"7102";"912";"2020";"1166";"QB"
"662";"7089";"409.6";"2020";"1029";"QB"
"663";"7077";"1031.1";"2020";"1234";"QB"
"664";"7014";"952.7";"2020";"1049";"QB"
"665";"7008";"-2.8";"2020";"1169";"QB"
"666";"6332";"46.3";"2020";"827";"QB"
"667";"6187";"449.4";"2020";"829";"QB"
"668";"6162";"38.8";"2020";"862";"QB"
"669";"6153";"573.1";"2020";"954";"QB"
"670";"5609";"81.9";"2020";"533";"QB"
"671";"5277";"22.6";"2020";"345";"QB"
"672";"5214";"50.5";"2020";"490";"QB"
"673";"4924";"889.3";"2020";"421";"QB"
"674";"4371";"8.6";"2020";"89";"QB"
"675";"4332";"198.2";"2020";"19";"QB"
"676";"4317";"1007.4";"2020";"24";"QB"
"677";"2467";"490.9";"2020";"333";"QB"
"678";"2241";"1117.8";"2020";"96";"QB"
"679";"2218";"290.1";"2020";"268";"QB"
"680";"1811";"-2.3";"2020";"178";"QB"
"681";"1732";"968.8";"2020";"138";"QB"
"682";"1725";"941.3";"2020";"331";"QB"
"683";"802";"686.3";"2020";"289";"QB"
"684";"698";"1048.4";"2020";"167";"QB"
"685";"94375";"15";"2020";"6239";"WR"
"686";"84142";"11.4";"2020";"7086";"WR"
"687";"84109";"127";"2020";"6803";"WR"
"688";"61697";"46.4";"2020";"6798";"WR"
"689";"61664";"20";"2020";"6927";"WR"
"690";"61439";"56.1";"2020";"6824";"WR"
"691";"61398";"211.8";"2020";"6794";"WR"
"692";"61103";"71.7";"2020";"6783";"WR"
"693";"55410";"80.4";"2020";"6943";"WR"
"694";"48345";"0";"2020";"5539";"WR"
"695";"48327";"163.8";"2020";"5859";"WR"
"696";"48267";"165.3";"2020";"4983";"WR"
"697";"48230";"2.4";"2020";"5250";"WR"
"698";"48229";"152.6";"2020";"5927";"WR"
"699";"48209";"35.6";"2020";"5965";"WR"
"700";"48192";"16";"2020";"5130";"WR"
"701";"48181";"3.6";"2020";"5102";"WR"
"702";"48164";"8.7";"2020";"5045";"WR"
"703";"48135";"75.7";"2020";"5185";"WR"
"704";"48110";"0";"2020";"6069";"WR"
"705";"48080";"-0.5";"2020";"6598";"WR"
"706";"48037";"0.3";"2020";"6957";"WR"
"707";"48023";"76.3";"2020";"6059";"WR"
"708";"47996";"0";"2020";"6386";"WR"
"709";"47908";"63.8";"2020";"5432";"WR"
"710";"47900";"16.7";"2020";"5241";"WR"
"711";"47861";"1.1";"2020";"7496";"WR"
"712";"47809";"99.4";"2020";"5086";"WR"
"713";"47800";"39.4";"2020";"6849";"WR"
"714";"47702";"95.7";"2020";"4951";"WR"
"715";"47508";"3";"2020";"5132";"WR"
"716";"47481";"78.1";"2020";"6290";"WR"
"717";"47477";"2.3";"2020";"5290";"WR"
"718";"47447";"23.8";"2020";"6853";"WR"
"719";"44920";"38.3";"2020";"6271";"WR"
"720";"44771";"83.6";"2020";"5110";"WR"
"721";"42312";"129.1";"2020";"6886";"WR"
"722";"42295";"21.4";"2020";"6989";"WR"
"723";"38855";"49.6";"2020";"6148";"WR"
"724";"35096";"0";"2020";"7351";"WR"
"725";"29049";"66.8";"2020";"6819";"WR"
"726";"28991";"51.6";"2020";"5137";"WR"
"727";"28729";"0";"2020";"7438";"WR"
"728";"28486";"20.9";"2020";"6870";"WR"
"729";"28305";"0.5";"2020";"7002";"TE"
"730";"27003";"4.5";"2020";"7244";"WR"
"731";"26448";"28.3";"2020";"7135";"WR"
"732";"25578";"90.6";"2020";"6149";"WR"
"733";"23172";"0";"2020";"4752";"WR"
"734";"20052";"0";"2020";NA;NA
"735";"13597";"0";"2020";"5101";"WR"
"736";"12270";"82.2";"2020";"4454";"WR"
"737";"12163";"0";"2020";"4489";"WR"
"738";"12088";"10.8";"2020";"4344";"WR"
"739";"12077";"-3";"2020";"4050";"WR"
"740";"12052";"1.9";"2020";"4420";"WR"
"741";"11993";"14.1";"2020";"4234";"WR"
"742";"11873";"22.1";"2020";"4177";"WR"
"743";"11872";"78.3";"2020";"4171";"WR"
"744";"11851";"53.6";"2020";"4131";"WR"
"745";"11764";"-2.6";"2020";"4038";"WR"
"746";"11762";"92.3";"2020";"4068";"WR"
"747";"11028";"25.8";"2020";"3634";"WR"
"748";"10806";"96.3";"2020";"3328";"WR"
"749";"10760";"61.1";"2020";"3286";"WR"
"750";"10681";"53.3";"2020";"3199";"WR"
"751";"9964";"78.1";"2020";"2673";"WR"
"752";"9579";"229.5";"2020";"2449";"WR"
"753";"9509";"47.3";"2020";"2381";"WR"
"754";"9502";"149.8";"2020";"2374";"WR"
"755";"9453";"145.3";"2020";"2325";"WR"
"756";"9437";"158.4";"2020";"2309";"WR"
"757";"8914";"-2.8";"2020";"2003";"WR"
"758";"8726";"54.7";"2020";"2238";"WR"
"759";"8696";"170.9";"2020";"1992";"WR"
"760";"8655";"148.8";"2020";"2197";"WR"
"761";"7808";"209.6";"2020";"1426";"WR"
"762";"7092";"104.5";"2020";"1110";"WR"
"763";"7084";"27.3";"2020";"1071";"WR"
"764";"6468";"4.6";"2020";"1329";"WR"
"765";"6158";"126.7";"2020";"947";"WR"
"766";"6156";"40.1";"2020";"830";"WR"
"767";"5612";"2.7";"2020";"627";"WR"
"768";"5549";"10.4";"2020";"574";"WR"
"769";"4363";"35.1";"2020";"147";"WR"
"770";"91248";"3";"2020";"5828";"WR"
"771";"66957";"2.1";"2020";"5260";"WR"
"772";"66438";"4.2";"2020";"4878";"WR"
"773";"51593";"93.7";"2020";"4622";"WR"
"774";"48341";"33.8";"2020";"6402";"WR"
"775";"48228";"74.7";"2020";"5026";"WR"
"776";"47946";"-2";"2020";"5977";"WR"
"777";"47940";"10.4";"2020";"5880";"WR"
"778";"47895";"17";"2020";"5096";"WR"
"779";"47698";"53.5";"2020";"5007";"WR"
"780";"47669";"20";"2020";"5289";"WR"
"781";"47468";"87.6";"2020";"5947";"WR"
"782";"45416";"37.5";"2020";"4998";"WR"
"783";"42683";"86.7";"2020";"5917";"WR"
"784";"42425";"-3";"2020";"7093";"RB"
"785";"40113";"19.6";"2020";NA;NA
"786";"38275";"0";"2020";"6223";"WR"
"787";"28070";"8.4";"2020";"6873";"WR"
"788";"28025";"7.1";"2020";"6866";"WR"
"789";"21528";"19.4";"2020";"5570";"WR"
"790";"12739";"0.1";"2020";"4330";"WR"
"791";"12258";"55.8";"2020";"6744";"WR"
"792";"12137";"1.7";"2020";"4491";"WR"
"793";"11920";"7.9";"2020";"4198";"WR"
"794";"11824";"139.4";"2020";"4039";"WR"
"795";"11817";"113.7";"2020";"4040";"WR"
"796";"10820";"47.1";"2020";"3342";"WR"
"797";"10799";"253.8";"2020";"3321";"WR"
"798";"10689";"123.6";"2020";"3225";"WR"
"799";"10075";"32.1";"2020";"2822";"WR"
"800";"8999";"67.9";"2020";"1911";"WR"
"801";"7789";"0.6";"2020";"1567";"WR"
"802";"5156";"41.9";"2020";"344";"WR"
"803";"4717";"75.6";"2020";"491";"WR"
"804";"91470";"33.4";"2020";"6234";"WR"
"805";"84418";"17";"2020";"7279";"WR"
"806";"61570";"146.2";"2020";"6786";"WR"
"807";"61361";"22.2";"2020";"6909";"WR"
"808";"48274";"55.9";"2020";"5872";"WR"
"809";"48160";"56.3";"2020";"5013";"WR"
"810";"48113";"3.6";"2020";"4992";"WR"
"811";"48054";"29.1";"2020";"6960";"WR"
"812";"48036";"12.2";"2020";"5695";"WR"
"813";"48017";"1.1";"2020";"5134";"WR"
"814";"47967";"19.8";"2020";"5323";"WR"
"815";"47961";"55.9";"2020";"5121";"WR"
"816";"47509";"92.9";"2020";"5955";"WR"
"817";"47448";"27.6";"2020";"5915";"WR"
"818";"46513";"4.9";"2020";"7109";"WR"
"819";"40006";"34.3";"2020";"6847";"WR"
"820";"39587";"17.5";"2020";"5962";"WR"
"821";"38276";"0";"2020";"5139";"WR"
"822";"34164";"79.2";"2020";"6421";"WR"
"823";"12303";"91.6";"2020";"4319";"WR"
"824";"11927";"40.2";"2020";"4197";"WR"
"825";"11865";"0.3";"2020";"4146";"WR"
"826";"11839";"115.4";"2020";"4037";"WR"
"827";"11795";"138";"2020";"4082";"WR"
"828";"11107";"16.7";"2020";"3433";"WR"
"829";"10774";"-3";"2020";"3297";"WR"
"830";"10741";"0";"2020";"3269";"WR"
"831";"9538";"108.4";"2020";"2410";"WR"
"832";"8725";"1.8";"2020";"1971";"WR"
"833";"7857";"141.7";"2020";"1479";"WR"
"834";"7822";"161";"2020";"1352";"WR"
"835";"7330";"149.4";"2020";"1144";"WR"
"836";"6216";"72.2";"2020";"928";"WR"
"837";"5585";"52.1";"2020";"642";"WR"
"838";"1724";"41.8";"2020";"223";"WR"
"839";"95015";"14.2";"2020";"6699";"WR"
"840";"91479";"9.3";"2020";"6427";"WR"
"841";"91472";"0";"2020";"6247";"WR"
"842";"66915";"11.3";"2020";"5374";"WR"
"843";"61590";"52.7";"2020";"6805";"WR"
"844";"61568";"108.8";"2020";"5848";"WR"
"845";"61220";"86.5";"2020";"6814";"WR"
"846";"61211";"137.2";"2020";"6801";"WR"
"847";"61102";"68.1";"2020";NA;NA
"848";"55307";"0";"2020";"7085";"WR"
"849";"48344";"0";"2020";NA;NA
"850";"48309";"-1";"2020";"5275";"WR"
"851";"48297";"27.9";"2020";"5878";"WR"
"852";"48262";"215.8";"2020";"4981";"WR"
"853";"48236";"69.6";"2020";"7090";"WR"
"854";"48182";"6.6";"2020";"5080";"WR"
"855";"48170";"26.5";"2020";"5113";"WR"
"856";"48143";"0";"2020";"6032";"WR"
"857";"48107";"0";"2020";"6387";"WR"
"858";"48101";"1";"2020";"5310";"WR"
"859";"48097";"2.7";"2020";"5005";"WR"
"860";"48078";"0";"2020";"5781";"WR"
"861";"48055";"3.9";"2020";"6557";"WR"
"862";"48021";"0.7";"2020";"5154";"WR"
"863";"47933";"5.8";"2020";"5873";"WR"
"864";"47882";"23.8";"2020";"6088";"WR"
"865";"47864";"220.4";"2020";"5846";"WR"
"866";"47808";"41.4";"2020";"6857";"WR"
"867";"47792";"61.4";"2020";"5024";"WR"
"868";"47546";"97.8";"2020";"4950";"WR"
"869";"47417";"0.8";"2020";"4854";"WR"
"870";"42345";"15.1";"2020";"5199";"WR"
"871";"42247";"6.8";"2020";"5938";"WR"
"872";"42134";"1.6";"2020";"7032";"WR"
"873";"41406";"6.5";"2020";"5111";"WR"
"874";"40221";"6.3";"2020";"6913";"WR"
"875";"39993";"-2";"2020";"6906";"WR"
"876";"35014";"6";"2020";"5863";"WR"
"877";"34914";"2";"2020";"7106";"WR"
"878";"34427";"71.5";"2020";"6063";"WR"
"879";"33441";"102.4";"2020";"5937";"WR"
"880";"29622";"-2";"2020";"5197";"WR"
"881";"29614";"43.6";"2020";"6895";"WR"
"882";"29347";"3.7";"2020";"6519";"WR"
"883";"26884";"8";"2020";NA;NA
"884";"26104";"21.5";"2020";"5773";"WR"
"885";"26075";"115.3";"2020";"5038";"WR"
"886";"13534";"3.4";"2020";"5902";"WR"
"887";"12215";"1.2";"2020";"4416";"WR"
"888";"12087";"117.7";"2020";"4351";"WR"
"889";"11991";"25.3";"2020";"4252";"WR"
"890";"11981";"86.6";"2020";"4274";"WR"
"891";"11932";"2.2";"2020";"4218";"WR"
"892";"11896";"37.5";"2020";"4175";"WR"
"893";"11883";"1.1";"2020";"4160";"WR"
"894";"11827";"-1";"2020";"4125";"WR"
"895";"11792";"15.9";"2020";"4080";"WR"
"896";"11760";"160";"2020";"4036";"WR"
"897";"11440";"46.1";"2020";"3895";"WR"
"898";"11371";"6.1";"2020";"3852";"WR"
"899";"11366";"0";"2020";"3846";"WR"
"900";"11254";"143.2";"2020";"3423";"WR"
"901";"11231";"1.2";"2020";"3614";"WR"
"902";"11074";"32";"2020";"3445";"WR"
"903";"10980";"0";"2020";"3568";"WR"
"904";"10840";"15.6";"2020";"3652";"WR"
"905";"10751";"7.8";"2020";"3278";"WR"
"906";"10674";"70.8";"2020";"3200";"WR"
"907";"10657";"12.8";"2020";"3155";"WR"
"908";"10655";"157.8";"2020";"3157";"WR"
"909";"9883";"7.9";"2020";"2821";"WR"
"910";"9859";"0.1";"2020";"2750";"WR"
"911";"9459";"60.4";"2020";"2331";"WR"
"912";"9447";"93.4";"2020";"2319";"WR"
"913";"9440";"0";"2020";"2312";"WR"
"914";"9079";"2.2";"2020";"2039";"WR"
"915";"8698";"112.2";"2020";"1825";"WR"
"916";"8688";"248.1";"2020";"2133";"WR"
"917";"8647";"61.2";"2020";"2078";"WR"
"918";"8642";"173.5";"2020";"2216";"WR"
"919";"8639";"59.8";"2020";"1817";"WR"
"920";"8288";"165.1";"2020";"1689";"WR"
"921";"7926";"20.3";"2020";"1555";"WR"
"922";"7158";"118.6";"2020";"1067";"WR"
"923";"7048";"17";"2020";"1149";"WR"
"924";"6597";"21.6";"2020";"2291";"WR"
"925";"5718";"45.6";"2020";"536";"WR"
"926";"5606";"108.5";"2020";"538";"WR"
"927";"4467";"0";"2020";"312";"WR"
"928";"3625";"4.5";"2020";"695";"WR"
"929";"94383";"0.4";"2020";"6659";"RB"
"930";"83791";"0.9";"2020";"6178";"RB"
"931";"83711";"1.7";"2020";"7005";"RB"
"932";"78050";"136.2";"2020";"6945";"RB"
"933";"66446";"3.3";"2020";"5123";"RB"
"934";"57488";"163.3";"2020";"6813";"RB"
"935";"57472";"33.9";"2020";"6918";"RB"
"936";"57366";"106.5";"2020";"6806";"RB"
"937";"57289";"10";"2020";"6878";"RB"
"938";"57279";"117.5";"2020";"6820";"RB"
"939";"57212";"115.1";"2020";"6790";"RB"
"940";"57206";"75.9";"2020";"6938";"RB"
"941";"57165";"36.5";"2020";"6828";"RB"
"942";"55632";"27.3";"2020";"6931";"RB"
"943";"51206";"0";"2020";"4963";"DB"
"944";"49159";"-0.6";"2020";"7226";"DB"
"945";"48103";"104.5";"2020";"5347";"RB"
"946";"47542";"14.4";"2020";"5162";"RB"
"947";"47297";"1.8";"2020";"5107";"RB"
"948";"46027";"108.4";"2020";"5248";"RB"
"949";"45954";"37.8";"2020";"6156";"RB"
"950";"45953";"129.3";"2020";"5850";"RB"
"951";"45934";"0.1";"2020";"6002";"RB"
"952";"45932";"29.4";"2020";"5004";"RB"
"953";"45914";"104";"2020";"5980";"RB"
"954";"45913";"0.6";"2020";"6153";"RB"
"955";"45903";"3.6";"2020";"6068";"RB"
"956";"45866";"13.1";"2020";"6885";"RB"
"957";"45865";"4.3";"2020";"5995";"RB"
"958";"45859";"21.6";"2020";"6012";"RB"
"959";"45854";"1.2";"2020";NA;NA
"960";"45851";"100.5";"2020";"5000";"RB"
"961";"45817";"42.3";"2020";"5987";"RB"
"962";"45791";"3.3";"2020";"4866";"RB"
"963";"45783";"168.8";"2020";"4988";"RB"
"964";"45775";"9";"2020";"6144";"RB"
"965";"45769";"31.5";"2020";"6039";"RB"
"966";"45764";"-0.7";"2020";"6585";"RB"
"967";"45753";"10.9";"2020";"5163";"RB"
"968";"45749";"8.5";"2020";"7227";"RB"
"969";"45747";"22.8";"2020";"5046";"RB"
"970";"45741";"34.1";"2020";"4994";"RB"
"971";"45734";"17";"2020";"6694";"RB"
"972";"45731";"3.2";"2020";"5112";"RB"
"973";"45719";"167.2";"2020";"5892";"RB"
"974";"45693";"0.3";"2020";"7107";"RB"
"975";"45691";"5";"2020";"5536";"RB"
"976";"45662";"18.4";"2020";"5136";"RB"
"977";"45038";"5";"2020";"6553";"RB"
"978";"41193";"97.6";"2020";"5916";"RB"
"979";"40693";"1.3";"2020";"7021";"RB"
"980";"40692";"11.2";"2020";"7064";"RB"
"981";"40555";"118.8";"2020";"6151";"RB"
"982";"40485";"92.6";"2020";"6130";"RB"
"983";"40341";"67";"2020";"6845";"RB"
"984";"39462";"61.4";"2020";"5122";"RB"
"985";"38844";"0.7";"2020";"6293";"FB"
"986";"35134";"83.6";"2020";"5890";"RB"
"987";"34455";"45.1";"2020";"5068";"RB"
"988";"34001";"124";"2020";"5052";"RB"
"989";"31615";"8";"2020";"5209";"RB"
"990";"29539";"29.8";"2020";"5131";"RB"
"991";"29413";"95";"2020";"5284";"RB"
"992";"28219";"14.5";"2020";"6311";"RB"
"993";"27589";"54.9";"2020";"4962";"RB"
"994";"27414";"0.5";"2020";"4985";"RB"
"995";"27126";"68.3";"2020";"5967";"RB"
"996";"26618";"35.6";"2020";"5100";"RB"
"997";"26408";"26.5";"2020";"6908";"RB"
"998";"26306";"13.7";"2020";NA;NA
"999";"25582";"16.2";"2020";"6996";"RB"
"1000";"25512";"9.8";"2020";"6973";"RB"
"1001";"22425";"171.3";"2020";"6955";"RB"
"1002";"13750";"41.4";"2020";"7045";"RB"
"1003";"13014";"24.6";"2020";"5549";"RB"
"1004";"12888";"3.9";"2020";"5271";"RB"
"1005";"12660";"43.5";"2020";"5170";"RB"
"1006";"12329";"6.4";"2020";"4718";"RB"
"1007";"12271";"36";"2020";"4455";"RB"
"1008";"12253";"9.4";"2020";"4651";"RB"
"1009";"12164";"100.9";"2020";"4663";"RB"
"1010";"12004";"121.5";"2020";"4273";"RB"
"1011";"11937";"185.3";"2020";"4199";"RB"
"1012";"11917";"23.3";"2020";"4219";"RB"
"1013";"11911";"50.1";"2020";"4187";"RB"
"1014";"11898";"7.7";"2020";"4152";"RB"
"1015";"11895";"87.7";"2020";"4150";"RB"
"1016";"11889";"78.5";"2020";"4149";"RB"
"1017";"11874";"10";"2020";"4157";"RB"
"1018";"11869";"42.7";"2020";"4147";"RB"
"1019";"11860";"99.8";"2020";"4137";"RB"
"1020";"11844";"12.5";"2020";"4111";"RB"
"1021";"11841";"140.3";"2020";"4098";"RB"
"1022";"11822";"266.6";"2020";"4035";"RB"
"1023";"11803";"57.2";"2020";"4018";"RB"
"1024";"11796";"266.6";"2020";"4029";"RB"
"1025";"11763";"58.8";"2020";"4034";"RB"
"1026";"11759";"65.6";"2020";"3969";"RB"
"1027";"11473";"10.1";"2020";"3934";"RB"
"1028";"11395";"32.7";"2020";"3868";"RB"
"1029";"11214";"0.3";"2020";"3488";"RB"
"1030";"11047";"94.8";"2020";"3664";"RB"
"1031";"10927";"17";"2020";"3594";"RB"
"1032";"10870";"-1";"2020";"3391";"RB"
"1033";"10805";"6.4";"2020";"3327";"RB"
"1034";"10790";"2.7";"2020";"3312";"RB"
"1035";"10784";"9.4";"2020";"3306";"RB"
"1036";"10777";"2.2";"2020";"3300";"RB"
"1037";"10770";"53.7";"2020";"3209";"RB"
"1038";"10753";"16.2";"2020";"3280";"RB"
"1039";"10724";"3.9";"2020";"3204";"RB"
"1040";"10707";"118.7";"2020";"3242";"RB"
"1041";"10679";"250.7";"2020";"3198";"RB"
"1042";"10638";"124.7";"2020";"3164";"RB"
"1043";"9902";"63.6";"2020";"2588";"RB"
"1044";"9783";"86.4";"2020";"2749";"RB"
"1045";"9559";"115";"2020";"2431";"RB"
"1046";"9527";"0.7";"2020";"2399";"WR"
"1047";"9519";"112.5";"2020";"2391";"RB"
"1048";"9510";"46.3";"2020";"2382";"RB"
"1049";"9506";"0.4";"2020";"2378";"RB"
"1050";"9487";"16.1";"2020";"2359";"RB"
"1051";"9469";"15.9";"2020";"2341";"RB"
"1052";"9448";"125.3";"2020";"2320";"RB"
"1053";"9443";"87.4";"2020";"2315";"RB"
"1054";"9035";"0.8";"2020";"2114";"RB"
"1055";"8765";"55";"2020";"1848";"RB"
"1056";"8738";"16.5";"2020";"2168";"RB"
"1057";"8731";"68.7";"2020";"2161";"RB"
"1058";"8692";"53.3";"2020";"2257";"RB"
"1059";"8000";"0";"2020";"1343";"DB"
"1060";"7980";"-0.1";"2020";"1517";"RB"
"1061";"7971";"66.2";"2020";"1387";"RB"
"1062";"7963";"-1";"2020";"1546";"RB"
"1063";"7962";"98.9";"2020";"1476";"RB"
"1064";"7936";"19.7";"2020";"1502";"RB"
"1065";"7829";"48.2";"2020";"1408";"RB"
"1066";"7818";"82.8";"2020";"1386";"RB"
"1067";"7810";"28.7";"2020";"1535";"RB"
"1068";"7165";"30.5";"2020";"1170";"RB"
"1069";"7097";"0.2";"2020";"1048";"RB"
"1070";"6301";"28.5";"2020";"788";"RB"
"1071";"6277";"-2";"2020";"886";"RB"
"1072";"6180";"33.5";"2020";"956";"RB"
"1073";"4976";"11.9";"2020";"676";"RB"
"1074";"3623";"68.2";"2020";"184";"RB"
"1075";"2282";"52.9";"2020";"232";"RB"
"1076";"50714";"-0.9";"2020";"5565";"FB"
"1077";"50293";"0";"2020";"6120";"DT"
"1078";"48889";"0";"2020";"5572";"DE"
"1079";"48862";"4.8";"2020";"4353";"FB"
"1080";"47121";"0";"2020";"6323";"FB"
"1081";"47044";"0";"2020";"7358";"FB"
"1082";"46441";"0";"2020";"5569";"FB"
"1083";"46004";"0";"2020";"6246";"RB"
"1084";"45980";"0";"2020";"7466";"RB"
"1085";"45629";"0.8";"2020";"6298";"FB"
"1086";"44889";"4.8";"2020";"6379";"FB"
"1087";"40117";"8.4";"2020";"7318";"FB"
"1088";"38329";"0";"2020";"4696";"RB"
"1089";"34934";"15.3";"2020";"6109";"FB"
"1090";"32565";"6";"2020";"6202";"FB"
"1091";"25859";"0";"2020";"7087";"RB"
"1092";"11948";"-2.1";"2020";"4226";"FB"
"1093";"11347";"10.7";"2020";"3832";"FB"
"1094";"11332";"0";"2020";"3479";"DT"
"1095";"11300";"2";"2020";"3803";"RB"
"1096";"10832";"0";"2020";"3354";"FB"
"1097";"10810";"-1.6";"2020";"3332";"FB"
"1098";"9601";"3.7";"2020";"2471";"FB"
"1099";"9302";"2.7";"2020";"2073";"FB"
"1100";"7912";"50.4";"2020";"1379";"FB"
"1101";"6515";"1.8";"2020";"815";"FB"
"1102";"6363";"-1.1";"2020";NA;NA
"1103";"6288";"2.9";"2020";"973";"RB"
"1104";"94365";"1.7";"2020";"6451";"TE"
"1105";"91468";"0.7";"2020";"6279";"TE"
"1106";"62825";"2.1";"2020";"7502";"TE"
"1107";"61072";"7.3";"2020";"6846";"TE"
"1108";"60995";"23.8";"2020";"6826";"TE"
"1109";"47358";"0";"2020";"6529";"TE"
"1110";"47153";"107.2";"2020";"4993";"TE"
"1111";"47149";"3.4";"2020";"4362";"TE"
"1112";"47034";"0.9";"2020";"7050";"TE"
"1113";"42266";"0";"2020";"6964";"TE"
"1114";"42060";"63";"2020";"6126";"TE"
"1115";"42018";"-1";"2020";"6181";"TE"
"1116";"36049";"0";"2020";"6018";"TE"
"1117";"29556";"3.5";"2020";"5277";"TE"
"1118";"26394";"34.6";"2020";"6850";"TE"
"1119";"20994";"37.3";"2020";"5285";"TE"
"1120";"12320";"1.9";"2020";"4571";"TE"
"1121";"12239";"3.9";"2020";"4647";"TE"
"1122";"12206";"8.6";"2020";"4314";"TE"
"1123";"12193";"122.6";"2020";"4602";"TE"
"1124";"11929";"-0.6";"2020";"4189";"TE"
"1125";"11909";"-1.3";"2020";"4221";"TE"
"1126";"11900";"-1";"2020";"4151";"TE"
"1127";"11855";"82.8";"2020";"4144";"TE"
"1128";"11800";"25.1";"2020";"4085";"TE"
"1129";"11160";"6.3";"2020";"3496";"TE"
"1130";"10811";"0.5";"2020";"3333";"TE"
"1131";"10772";"-1";"2020";"3296";"TE"
"1132";"10715";"52.6";"2020";"3202";"TE"
"1133";"9593";"19.9";"2020";"2463";"TE"
"1134";"8645";"74.6";"2020";"2118";"TE"
"1135";"8200";"7.2";"2020";"1777";"TE"
"1136";"7866";"32.2";"2020";"1500";"TE"
"1137";"5619";"76.2";"2020";"616";"TE"
"1138";"109795";"29.2";"2020";"6869";"TE"
"1139";"94371";"-0.3";"2020";"6231";"QB"
"1140";"91014";"19.9";"2020";"6074";"TE"
"1141";"66940";"7.6";"2020";"5465";"TE"
"1142";"66924";"2.7";"2020";"5409";"TE"
"1143";"61068";"0";"2020";"7082";"TE"
"1144";"52266";"2.2";"2020";"6865";"TE"
"1145";"51842";"69.4";"2020";"4741";"TE"
"1146";"51837";"48.3";"2020";"4435";"TE"
"1147";"47928";"-1";"2020";"5886";"TE"
"1148";"47743";"-2";"2020";"7131";"TE"
"1149";"47436";"107.8";"2020";"5012";"TE"
"1150";"47338";"0";"2020";"6926";"TE"
"1151";"47333";"4";"2020";"5092";"TE"
"1152";"47327";"27.3";"2020";"5094";"TE"
"1153";"47307";"0";"2020";"6089";"TE"
"1154";"47304";"78";"2020";"5001";"TE"
"1155";"47294";"75.6";"2020";"4973";"TE"
"1156";"47282";"-1";"2020";"7404";"TE"
"1157";"47272";"75.8";"2020";"5022";"TE"
"1158";"47259";"40.8";"2020";"6001";"TE"
"1159";"47257";"30.5";"2020";"5008";"TE"
"1160";"47164";"29.8";"2020";"5009";"TE"
"1161";"47131";"-0.1";"2020";"5233";"TE"
"1162";"47124";"22.8";"2020";"5133";"TE"
"1163";"47119";"0.1";"2020";"5957";"TE"
"1164";"47081";"17.8";"2020";"6139";"TE"
"1165";"47050";"54.1";"2020";"5032";"TE"
"1166";"47043";"28.6";"2020";"5985";"TE"
"1167";"47033";"0";"2020";"7483";"TE"
"1168";"42388";"83";"2020";"5857";"TE"
"1169";"42257";"4.6";"2020";"7075";"TE"
"1170";"42130";"15.7";"2020";"4995";"TE"
"1171";"42062";"4.1";"2020";"5117";"TE"
"1172";"41933";"18.7";"2020";"6843";"TE"
"1173";"40973";"7.7";"2020";"6146";"TE"
"1174";"40951";"6.2";"2020";"7204";"FB"
"1175";"40912";"102.1";"2020";"5844";"TE"
"1176";"40294";"-4";"2020";"6956";"TE"
"1177";"38305";"0";"2020";"6142";"TE"
"1178";"37213";"1.5";"2020";"6164";"TE"
"1179";"35883";"37.8";"2020";"5906";"TE"
"1180";"31849";"1.5";"2020";"5754";"TE"
"1181";"30762";"38.7";"2020";"5010";"TE"
"1182";"27766";"-1.5";"2020";"7288";"TE"
"1183";"24606";"-1";"2020";"4468";"TE"
"1184";"23652";"0";"2020";"4605";"TE"
"1185";"12247";"21.5";"2020";"4443";"TE"
"1186";"12145";"4.1";"2020";"4536";"TE"
"1187";"12122";"15.4";"2020";"4323";"TE"
"1188";"12078";"66.3";"2020";"4054";"TE"
"1189";"12051";"27.6";"2020";"4421";"TE"
"1190";"12037";"0";"2020";"4660";"TE"
"1191";"12020";"-1";"2020";"4531";"TE"
"1192";"12007";"-1";"2020";"4229";"TE"
"1193";"11901";"90.1";"2020";"4217";"TE"
"1194";"11799";"52.8";"2020";"4089";"TE"
"1195";"11784";"32.5";"2020";"4033";"TE"
"1196";"11778";"70.1";"2020";"4066";"TE"
"1197";"11774";"24.7";"2020";"4055";"TE"
"1198";"11439";"0";"2020";"3894";"TE"
"1199";"11062";"0";"2020";"3695";"TE"
"1200";"10744";"81.2";"2020";"3271";"TE"
"1201";"10728";"10";"2020";"3258";"TE"
"1202";"10669";"81.6";"2020";"3214";"TE"
"1203";"10320";"0";"2020";"3041";"TE"
"1204";"10211";"5.4";"2020";"3048";"TE"
"1205";"10144";"2.1";"2020";"2751";"TE"
"1206";"9786";"-1";"2020";"2755";"TE"
"1207";"9679";"13.1";"2020";"2545";"TE"
"1208";"9637";"166.8";"2020";"2505";"TE"
"1209";"9606";"26.9";"2020";"2476";"TE"
"1210";"9604";"20.6";"2020";"2474";"TE"
"1211";"9590";"14.4";"2020";"2460";"TE"
"1212";"9576";"16.3";"2020";"2446";"TE"
"1213";"9550";"14.4";"2020";"2422";"TE"
"1214";"9518";"24.8";"2020";"2390";"TE"
"1215";"9488";"19.4";"2020";"2360";"TE"
"1216";"9207";"43.7";"2020";"2214";"TE"
"1217";"9185";"39.6";"2020";"1793";"TE"
"1218";"8755";"79.6";"2020";"2251";"TE"
"1219";"8733";"61";"2020";"2146";"TE"
"1220";"8549";"60.9";"2020";"1592";"TE"
"1221";"8524";"-1.5";"2020";"1619";"TE"
"1222";"8520";"38.8";"2020";"1706";"TE"
"1223";"7982";"10.7";"2020";"1425";"TE"
"1224";"7940";"-0.1";"2020";"1603";"TE"
"1225";"7915";"4.2";"2020";"1642";"TE"
"1226";"7844";"240.7";"2020";"1466";"TE"
"1227";"7836";"5.2";"2020";"1587";"TE"
"1228";"7816";"22.3";"2020";"1339";"TE"
"1229";"7802";"40.3";"2020";"1388";"TE"
"1230";"7406";"2.3";"2020";"1718";"TE"
"1231";"6356";"9.5";"2020";"868";"TE"
"1232";"6311";"11";"2020";"812";"TE"
"1233";"6256";"3";"2020";"963";"TE"
"1234";"6195";"49.8";"2020";"943";"TE"
"1235";"5567";"97.3";"2020";"515";"TE"
"1236";"5012";"78.7";"2020";"367";"TE"
"1237";"3647";"27.8";"2020";"58";"TE"
"1238";"2973";"22.1";"2020";"111";"TE"
"1239";"1384";"12.3";"2020";"23";"TE"
"1240";"91399";"99.2";"2021";"7610";"QB"
"1241";"82118";"401.5";"2021";"7591";"QB"
"1242";"82096";"414.9";"2021";"7538";"QB"
"1243";"77632";"709.2";"2021";"7523";"QB"
"1244";"60555";"0.3";"2021";"7583";"QB"
"1245";"60389";"15.3";"2021";"6822";"QB"
"1246";"60326";"550.6";"2021";"6768";"QB"
"1247";"60323";"746.7";"2021";"7527";"QB"
"1248";"52269";"480.6";"2021";"7585";"QB"
"1249";"46601";"1075.4";"2021";"4984";"QB"
"1250";"46569";"75";"2021";"4972";"QB"
"1251";"46540";"-1.2";"2021";"5142";"QB"
"1252";"46518";"609.6";"2021";"4892";"QB"
"1253";"46517";"-4.2";"2021";"5128";"QB"
"1254";"46508";"-0.3";"2021";"6450";"QB"
"1255";"46454";"-10.7";"2021";"5806";"QB"
"1256";"46453";"167.9";"2021";"5089";"QB"
"1257";"46448";"210.7";"2021";"7083";"QB"
"1258";"46444";"-4";"2021";"6823";"QB"
"1259";"46440";"7.9";"2021";"6778";"QB"
"1260";"46416";"690.3";"2021";"4881";"QB"
"1261";"41401";"67.8";"2021";"6011";"QB"
"1262";"40306";"54.9";"2021";"6804";"QB"
"1263";"40291";"781.5";"2021";"6904";"QB"
"1264";"40217";"-10.3";"2021";"7531";"QB"
"1265";"40216";"4.7";"2021";"7589";"QB"
"1266";"39517";"71.6";"2021";"5854";"QB"
"1267";"39395";"586.2";"2021";"5870";"QB"
"1268";"38334";"808.5";"2021";"5849";"QB"
"1269";"35460";"-15.2";"2021";"4863";"QB"
"1270";"29048";"465";"2021";"4943";"QB"
"1271";"28237";"1079.6";"2021";"6797";"QB"
"1272";"28022";"946.1";"2021";"6770";"QB"
"1273";"26152";"29.2";"2021";"5127";"QB"
"1274";"21956";"46.3";"2021";"5257";"QB"
"1275";"12324";"92.1";"2021";"4574";"QB"
"1276";"12282";"43.4";"2021";"4464";"QB"
"1277";"12134";"56.5";"2021";"4335";"QB"
"1278";"12112";"163.5";"2021";"4381";"QB"
"1279";"11926";"-0.6";"2021";"4183";"QB"
"1280";"11859";"7.5";"2021";"4127";"QB"
"1281";"11842";"-1.6";"2021";"4061";"QB"
"1282";"11765";"1069.4";"2021";"4046";"QB"
"1283";"11757";"2.5";"2021";"3976";"QB"
"1284";"10835";"4.3";"2021";"3357";"QB"
"1285";"10796";"0";"2021";"3318";"QB"
"1286";"10769";"963.8";"2021";"3294";"QB"
"1287";"10725";"296.6";"2021";"3257";"QB"
"1288";"10636";"821.6";"2021";"3161";"QB"
"1289";"10635";"719.8";"2021";"3163";"QB"
"1290";"9896";"696.1";"2021";"2711";"QB"
"1291";"9683";"268.8";"2021";"2549";"QB"
"1292";"9435";"10.6";"2021";"2307";"QB"
"1293";"9434";"318.7";"2021";"2306";"QB"
"1294";"8848";"46.8";"2021";"2229";"QB"
"1295";"8697";"790.5";"2021";"1837";"QB"
"1296";"8671";"991.9";"2021";"2028";"QB"
"1297";"8667";"738.1";"2021";"2152";"QB"
"1298";"7854";"132.2";"2021";"1559";"QB"
"1299";"7820";"177.8";"2021";"1373";"QB"
"1300";"7323";"70.1";"2021";"1737";"QB"
"1301";"7102";"1011.9";"2021";"1166";"QB"
"1302";"7089";"61.6";"2021";"1029";"QB"
"1303";"7077";"649.7";"2021";"1234";"QB"
"1304";"7014";"757.4";"2021";"1049";"QB"
"1305";"6332";"228.4";"2021";"827";"QB"
"1306";"6187";"212.4";"2021";"829";"QB"
"1307";"6162";"10.7";"2021";"862";"QB"
"1308";"6153";"169.3";"2021";"954";"QB"
"1309";"5609";"177.4";"2021";"533";"QB"
"1310";"5277";"33.5";"2021";"345";"QB"
"1311";"5214";"-1.4";"2021";"490";"QB"
"1312";"4924";"1029.6";"2021";"421";"QB"
"1313";"4474";"154.2";"2021";"260";"QB"
"1314";"4371";"17.9";"2021";"89";"QB"
"1315";"4332";"90.7";"2021";"19";"QB"
"1316";"4317";"816.1";"2021";"24";"QB"
"1317";"2467";"3";"2021";"333";"QB"
"1318";"2241";"978.5";"2021";"96";"QB"
"1319";"1732";"805.6";"2021";"138";"QB"
"1320";"698";"1155.2";"2021";"167";"QB"
"1321";"143358";"3.2";"2021";"7944";"WR"
"1322";"94356";"0.4";"2021";"6395";"WR"
"1323";"91472";"8.7";"2021";"6247";"WR"
"1324";"84302";"87.4";"2021";"7596";"WR"
"1325";"84296";"56.5";"2021";NA;NA
"1326";"84147";"9.1";"2021";"7751";"WR"
"1327";"84109";"96.9";"2021";"6803";"WR"
"1328";"77986";"9.2";"2021";"7587";"WR"
"1329";"61812";"0.5";"2021";"7337";"WR"
"1330";"61522";"2.3";"2021";"7713";"WR"
"1331";"61441";"39.8";"2021";"7569";"WR"
"1332";"61211";"162.3";"2021";"6801";"WR"
"1333";"61100";"122.2";"2021";"7525";"WR"
"1334";"55410";"87.5";"2021";"6943";"WR"
"1335";"51593";"42.5";"2021";"4622";"WR"
"1336";"48329";"6.2";"2021";"6985";"WR"
"1337";"48297";"22.8";"2021";"5878";"WR"
"1338";"48274";"268.6";"2021";"5872";"WR"
"1339";"48267";"131.2";"2021";"4983";"WR"
"1340";"48262";"28.7";"2021";"4981";"WR"
"1341";"48229";"120.7";"2021";"5927";"WR"
"1342";"48209";"0.7";"2021";"5965";"WR"
"1343";"48192";"9.3";"2021";"5130";"WR"
"1344";"48181";"0";"2021";"5102";"WR"
"1345";"48164";"87.6";"2021";"5045";"WR"
"1346";"48152";"0";"2021";"6171";"WR"
"1347";"48080";"4.5";"2021";"6598";"WR"
"1348";"48054";"30.1";"2021";"6960";"WR"
"1349";"47940";"26.4";"2021";"5880";"WR"
"1350";"47864";"132.2";"2021";"5846";"WR"
"1351";"47808";"5.5";"2021";"6857";"WR"
"1352";"47702";"23.3";"2021";"4951";"WR"
"1353";"47481";"-0.2";"2021";"6290";"WR"
"1354";"42349";"8.3";"2021";"7729";"WR"
"1355";"42312";"110.8";"2021";"6886";"WR"
"1356";"42295";"94.2";"2021";"6989";"WR"
"1357";"42237";"0";"2021";"5970";"WR"
"1358";"41838";"0";"2021";"7556";"WR"
"1359";"40986";"0";"2021";NA;NA
"1360";"40568";"26.2";"2021";"7609";"RB"
"1361";"39993";"0";"2021";"6906";"WR"
"1362";"39967";"20.7";"2021";"6165";"WR"
"1363";"38855";"2.1";"2021";"6148";"WR"
"1364";"35096";"0.1";"2021";"7351";"WR"
"1365";"35014";"6.2";"2021";"5863";"WR"
"1366";"34914";"0";"2021";"7106";"WR"
"1367";"34061";"0";"2021";"7357";"WR"
"1368";"29049";"147.5";"2021";"6819";"WR"
"1369";"28729";"0";"2021";"7438";"WR"
"1370";"28486";"79.1";"2021";"6870";"WR"
"1371";"27003";"10.8";"2021";"7244";"WR"
"1372";"26104";"3.2";"2021";"5773";"WR"
"1373";"26075";"46.8";"2021";"5038";"WR"
"1374";"13534";"2.6";"2021";"5902";"WR"
"1375";"12137";"1.8";"2021";"4491";"WR"
"1376";"12077";"30.5";"2021";"4050";"WR"
"1377";"12052";"1.6";"2021";"4420";"WR"
"1378";"11993";"20.8";"2021";"4234";"WR"
"1379";"11925";"-1";"2021";"4208";"WR"
"1380";"11872";"56";"2021";"4171";"WR"
"1381";"11795";"0.6";"2021";"4082";"WR"
"1382";"11762";"150.8";"2021";"4068";"WR"
"1383";"11760";"72.4";"2021";"4036";"WR"
"1384";"11371";"0";"2021";"3852";"WR"
"1385";"11107";"8.5";"2021";"3433";"WR"
"1386";"11074";"18.1";"2021";"3445";"WR"
"1387";"10840";"4.9";"2021";"3652";"WR"
"1388";"10806";"30.9";"2021";"3328";"WR"
"1389";"10799";"199.2";"2021";"3321";"WR"
"1390";"10760";"30.4";"2021";"3286";"WR"
"1391";"10657";"36.6";"2021";"3155";"WR"
"1392";"10655";"-0.8";"2021";"3157";"WR"
"1393";"9964";"36.8";"2021";"2673";"WR"
"1394";"9883";"-0.9";"2021";"2821";"WR"
"1395";"9470";"-1";"2021";"2342";"WR"
"1396";"9459";"12.3";"2021";"2331";"WR"
"1397";"9453";"64.7";"2021";"2325";"WR"
"1398";"9440";"3.1";"2021";"2312";"WR"
"1399";"8999";"2.6";"2021";"1911";"WR"
"1400";"8726";"-2";"2021";"2238";"WR"
"1401";"8688";"219.4";"2021";"2133";"WR"
"1402";"8655";"136.2";"2021";"2197";"WR"
"1403";"8647";"64.3";"2021";"2078";"WR"
"1404";"8642";"161.3";"2021";"2216";"WR"
"1405";"8639";"52.3";"2021";"1817";"WR"
"1406";"8288";"132.6";"2021";"1689";"WR"
"1407";"7859";"38.8";"2021";"1346";"WR"
"1408";"7808";"108.4";"2021";"1426";"WR"
"1409";"7618";"-0.6";"2021";"1244";"WR"
"1410";"6158";"50.2";"2021";"947";"WR"
"1411";"5718";"84";"2021";"536";"WR"
"1412";"5612";"7.8";"2021";"627";"WR"
"1413";"5606";"99.4";"2021";"538";"WR"
"1414";"4363";"78.6";"2021";"147";"WR"
"1415";"84470";"96.6";"2021";"7547";"WR"
"1416";"84271";"4.9";"2021";"7565";"WR"
"1417";"84088";"135.8";"2021";"7526";"WR"
"1418";"66438";"41";"2021";"4878";"WR"
"1419";"62890";"60.2";"2021";"7601";"WR"
"1420";"61577";"1.6";"2021";"7595";"WR"
"1421";"61220";"54.5";"2021";"6814";"WR"
"1422";"61212";"6.2";"2021";"7540";"WR"
"1423";"61103";"55";"2021";"6783";"WR"
"1424";"49048";"0";"2021";"5036";"DB"
"1425";"48037";"28.4";"2021";"6957";"WR"
"1426";"48027";"24.6";"2021";"7049";"WR"
"1427";"42541";"0";"2021";NA;NA
"1428";"42247";"37.4";"2021";"5938";"WR"
"1429";"40006";"41.4";"2021";"6847";"WR"
"1430";"33158";"0.9";"2021";"6380";"WR"
"1431";"29573";"7.7";"2021";"7612";"WR"
"1432";"26448";"41.5";"2021";"7135";"WR"
"1433";"12303";"44";"2021";"4319";"WR"
"1434";"11932";"0";"2021";"4218";"WR"
"1435";"11927";"29.9";"2021";"4197";"WR"
"1436";"11920";"49.5";"2021";"4198";"WR"
"1437";"11839";"171.8";"2021";"4037";"WR"
"1438";"11824";"293.3";"2021";"4039";"WR"
"1439";"11812";"0";"2021";"4110";"LB"
"1440";"10820";"27";"2021";"3342";"WR"
"1441";"10741";"31.8";"2021";"3269";"WR"
"1442";"10689";"127.3";"2021";"3225";"WR"
"1443";"10075";"35.6";"2021";"2822";"WR"
"1444";"9538";"49.2";"2021";"2410";"WR"
"1445";"8943";"19.5";"2021";"2025";"WR"
"1446";"7857";"142.4";"2021";"1479";"WR"
"1447";"7789";"26.4";"2021";"1567";"WR"
"1448";"7084";"19.9";"2021";"1071";"WR"
"1449";"6216";"70.7";"2021";"928";"WR"
"1450";"94379";"4.6";"2021";"6588";"WR"
"1451";"91824";"0";"2021";NA;NA
"1452";"84418";"0";"2021";"7279";"WR"
"1453";"61664";"77.7";"2021";"6927";"WR"
"1454";"61643";"13.7";"2021";"7603";"WR"
"1455";"61590";"7.3";"2021";"6805";"WR"
"1456";"61570";"162.9";"2021";"6786";"WR"
"1457";"61510";"0.5";"2021";"7586";"WR"
"1458";"61448";"3.1";"2021";"7039";"WR"
"1459";"61324";"4.6";"2021";"7559";"WR"
"1460";"61245";"50.2";"2021";"7606";"WR"
"1461";"48236";"115.4";"2021";"7090";"WR"
"1462";"48170";"70.8";"2021";"5113";"WR"
"1463";"48160";"0";"2021";"5013";"WR"
"1464";"47961";"55.3";"2021";"5121";"WR"
"1465";"47895";"14.5";"2021";"5096";"WR"
"1466";"47698";"0.5";"2021";"5007";"WR"
"1467";"47546";"138.6";"2021";"4950";"WR"
"1468";"47509";"150.2";"2021";"5955";"WR"
"1469";"47468";"78.4";"2021";"5947";"WR"
"1470";"42683";"75.1";"2021";"5917";"WR"
"1471";"39871";"0.1";"2021";NA;NA
"1472";"34045";"23.9";"2021";"7210";"WR"
"1473";"12739";"0";"2021";"4330";"WR"
"1474";"12258";"18.6";"2021";"6744";"WR"
"1475";"11981";"-2";"2021";"4274";"WR"
"1476";"11865";"2.3";"2021";"4146";"WR"
"1477";"11817";"12.6";"2021";"4040";"WR"
"1478";"11440";"1.5";"2021";"3895";"WR"
"1479";"11231";"-0.1";"2021";"3614";"WR"
"1480";"10918";"38.1";"2021";"3582";"WR"
"1481";"10751";"-0.3";"2021";"3278";"WR"
"1482";"10674";"39.9";"2021";"3200";"WR"
"1483";"9462";"11";"2021";"2334";"WR"
"1484";"8698";"63.7";"2021";"1825";"WR"
"1485";"7817";"0";"2021";"1518";"CB"
"1486";"7330";"75";"2021";"1144";"WR"
"1487";"4717";"11.5";"2021";"491";"WR"
"1488";"115664";"0";"2021";"7436";"WR"
"1489";"100887";"0";"2021";"7578";"WR"
"1490";"95015";"4.2";"2021";"6699";"WR"
"1491";"94375";"0.8";"2021";"6239";"WR"
"1492";"91479";"33";"2021";"6427";"WR"
"1493";"91470";"85.5";"2021";"6234";"WR"
"1494";"91248";"-4.1";"2021";"5828";"WR"
"1495";"84424";"0";"2021";"7812";"WR"
"1496";"84270";"200.3";"2021";"7564";"WR"
"1497";"84142";"0";"2021";"7086";"WR"
"1498";"84135";"19.6";"2021";"7533";"WR"
"1499";"77965";"0";"2021";"7562";"WR"
"1500";"66957";"-1";"2021";"5260";"WR"
"1501";"62979";"50.1";"2021";"7670";"WR"
"1502";"61697";"30.5";"2021";"6798";"WR"
"1503";"61568";"132.6";"2021";"5848";"WR"
"1504";"61439";"73.6";"2021";"6824";"WR"
"1505";"61401";"-1.4";"2021";"7793";"WR"
"1506";"61398";"228.2";"2021";"6794";"WR"
"1507";"61102";"80.5";"2021";NA;NA
"1508";"55307";"-1";"2021";"7085";"WR"
"1509";"55003";"2.7";"2021";"6453";"WR"
"1510";"52130";"0";"2021";"6920";"WR"
"1511";"48341";"0";"2021";"6402";"WR"
"1512";"48327";"105.5";"2021";"5859";"WR"
"1513";"48304";"0";"2021";"7996";"WR"
"1514";"48228";"38.7";"2021";"5026";"WR"
"1515";"48135";"65.6";"2021";"5185";"WR"
"1516";"48113";"11.4";"2021";"4992";"WR"
"1517";"48110";"-0.9";"2021";"6069";"WR"
"1518";"48107";"0";"2021";"6387";"WR"
"1519";"48078";"32.8";"2021";"5781";"WR"
"1520";"48055";"11.9";"2021";"6557";"WR"
"1521";"48036";"0";"2021";"5695";"WR"
"1522";"48021";"4.9";"2021";"5154";"WR"
"1523";"48017";"-1.1";"2021";"5134";"WR"
"1524";"47967";"7.7";"2021";"5323";"WR"
"1525";"47908";"29";"2021";"5432";"WR"
"1526";"47900";"-1";"2021";"5241";"WR"
"1527";"47861";"62.6";"2021";"7496";"WR"
"1528";"47809";"65.9";"2021";"5086";"WR"
"1529";"47800";"12.6";"2021";"6849";"WR"
"1530";"47792";"37.6";"2021";"5024";"WR"
"1531";"47669";"5";"2021";"5289";"WR"
"1532";"47448";"2.1";"2021";"5915";"WR"
"1533";"47447";"112.6";"2021";"6853";"WR"
"1534";"44920";"50.1";"2021";"6271";"WR"
"1535";"44771";"82.8";"2021";"5110";"WR"
"1536";"42345";"87.4";"2021";"5199";"WR"
"1537";"42212";"0";"2021";"7915";"WR"
"1538";"42134";"-1";"2021";"7032";"WR"
"1539";"40988";"0.3";"2021";"7530";"WR"
"1540";"40293";"0";"2021";"7287";"WR"
"1541";"38435";"0";"2021";"5293";"WR"
"1542";"38275";"0";"2021";"6223";"WR"
"1543";"34579";"-0.5";"2021";"6154";"WR"
"1544";"34427";"0.2";"2021";"6063";"WR"
"1545";"34164";"69.3";"2021";"6421";"WR"
"1546";"33441";"156.9";"2021";"5937";"WR"
"1547";"29614";"34.3";"2021";"6895";"WR"
"1548";"28025";"4.5";"2021";"6866";"WR"
"1549";"27948";"12.5";"2021";"7757";"WR"
"1550";"25578";"21.9";"2021";"6149";"WR"
"1551";"23503";"95.3";"2021";"7066";"WR"
"1552";"12270";"142";"2021";"4454";"WR"
"1553";"12088";"6.9";"2021";"4344";"WR"
"1554";"12087";"97.3";"2021";"4351";"WR"
"1555";"11991";"32.7";"2021";"4252";"WR"
"1556";"11873";"41.6";"2021";"4177";"WR"
"1557";"11851";"47.8";"2021";"4131";"WR"
"1558";"11792";"50.1";"2021";"4080";"WR"
"1559";"11764";"38";"2021";"4038";"WR"
"1560";"11254";"41.5";"2021";"3423";"WR"
"1561";"11141";"-2";"2021";"3503";"WR"
"1562";"11028";"65.5";"2021";"3634";"WR"
"1563";"10774";"24.5";"2021";"3297";"WR"
"1564";"10154";"0.8";"2021";"2583";"WR"
"1565";"9859";"53.6";"2021";"2750";"WR"
"1566";"9579";"161.9";"2021";"2449";"WR"
"1567";"9527";"7.9";"2021";"2399";"WR"
"1568";"9509";"51.5";"2021";"2381";"WR"
"1569";"9502";"168.1";"2021";"2374";"WR"
"1570";"9447";"60.4";"2021";"2319";"WR"
"1571";"9437";"123.6";"2021";"2309";"WR"
"1572";"8696";"34.6";"2021";"1992";"WR"
"1573";"7926";"-0.7";"2021";"1555";"WR"
"1574";"7822";"92.9";"2021";"1352";"WR"
"1575";"7158";"83.6";"2021";"1067";"WR"
"1576";"7100";"-3";"2021";"1077";"WR"
"1577";"7092";"38.4";"2021";"1110";"WR"
"1578";"6468";"8.2";"2021";"1329";"WR"
"1579";"6156";"109.7";"2021";"830";"WR"
"1580";"4467";"0";"2021";"312";"WR"
"1581";"143793";"0.1";"2021";"7863";"RB"
"1582";"143789";"-0.7";"2021";NA;NA
"1583";"98689";"64.7";"2021";"7611";"RB"
"1584";"94383";"25.4";"2021";"6659";"RB"
"1585";"83740";"16.9";"2021";"7599";"RB"
"1586";"83711";"-0.6";"2021";"7005";"RB"
"1587";"83684";"-0.2";"2021";"8085";"RB"
"1588";"78050";"123.6";"2021";"6945";"RB"
"1589";"77803";"136.1";"2021";"7588";"RB"
"1590";"77745";"17.7";"2021";"7537";"RB"
"1591";"77737";"58.6";"2021";"7567";"RB"
"1592";"66446";"-0.7";"2021";"5123";"RB"
"1593";"57488";"293.9";"2021";"6813";"RB"
"1594";"57472";"14.2";"2021";"6918";"RB"
"1595";"57373";"57.4";"2021";"7594";"RB"
"1596";"57372";"19.6";"2021";"7593";"RB"
"1597";"57337";"95.4";"2021";"7607";"RB"
"1598";"57308";"1.7";"2021";"7574";"RB"
"1599";"57306";"-0.7";"2021";"7572";"RB"
"1600";"57289";"0.8";"2021";"6878";"RB"
"1601";"57279";"81.2";"2021";"6820";"RB"
"1602";"57272";"105";"2021";"7561";"RB"
"1603";"57212";"110.8";"2021";"6790";"RB"
"1604";"57189";"4.2";"2021";"7551";"RB"
"1605";"57165";"116.2";"2021";"6828";"RB"
"1606";"57136";"9.7";"2021";"6951";"RB"
"1607";"57133";"1";"2021";"7529";"RB"
"1608";"57121";"129.7";"2021";"7528";"RB"
"1609";"55632";"33.8";"2021";"6931";"RB"
"1610";"51206";"0";"2021";"4963";"DB"
"1611";"49166";"25.1";"2021";"5220";"RB"
"1612";"48103";"65.8";"2021";"5347";"RB"
"1613";"47542";"1.7";"2021";"5162";"RB"
"1614";"47297";"-1.6";"2021";"5107";"RB"
"1615";"46445";"-1";"2021";"7316";"RB"
"1616";"46441";"3.9";"2021";"5569";"FB"
"1617";"45980";"0.1";"2021";"7466";"RB"
"1618";"45954";"2.9";"2021";"6156";"RB"
"1619";"45953";"105.7";"2021";"5850";"RB"
"1620";"45934";"4.3";"2021";"6002";"RB"
"1621";"45914";"72.1";"2021";"5980";"RB"
"1622";"45903";"-0.2";"2021";"6068";"RB"
"1623";"45866";"16";"2021";"6885";"RB"
"1624";"45859";"44.3";"2021";"6012";"RB"
"1625";"45851";"96.2";"2021";"5000";"RB"
"1626";"45835";"0";"2021";"7771";"RB"
"1627";"45817";"70";"2021";"5987";"RB"
"1628";"45791";"59";"2021";"4866";"RB"
"1629";"45783";"181.8";"2021";"4988";"RB"
"1630";"45775";"-0.4";"2021";"6144";"RB"
"1631";"45769";"56.8";"2021";"6039";"RB"
"1632";"45753";"0.6";"2021";"5163";"RB"
"1633";"45749";"0";"2021";"7227";"RB"
"1634";"45747";"11.2";"2021";"5046";"RB"
"1635";"45741";"-2.7";"2021";"4994";"RB"
"1636";"45734";"66.3";"2021";"6694";"RB"
"1637";"45719";"101.5";"2021";"5892";"RB"
"1638";"45704";"1.4";"2021";NA;NA
"1639";"45691";"31.2";"2021";"5536";"RB"
"1640";"45038";"8.2";"2021";"6553";"RB"
"1641";"42174";"1.5";"2021";"7993";"RB"
"1642";"41668";"52.3";"2021";"7608";"RB"
"1643";"41193";"103.8";"2021";"5916";"RB"
"1644";"40692";"1.6";"2021";"7064";"RB"
"1645";"40555";"94.9";"2021";"6151";"RB"
"1646";"40547";"4.2";"2021";NA;NA
"1647";"40498";"3.7";"2021";"6984";"RB"
"1648";"40485";"91.2";"2021";"6130";"RB"
"1649";"40448";"0.6";"2021";"6963";"RB"
"1650";"40341";"56.3";"2021";"6845";"RB"
"1651";"39462";"51";"2021";"5122";"RB"
"1652";"38287";"32.5";"2021";"7098";"RB"
"1653";"35134";"136.7";"2021";"5890";"RB"
"1654";"34761";"1.6";"2021";"5076";"RB"
"1655";"34001";"57";"2021";"5052";"RB"
"1656";"32342";"41.2";"2021";"6753";"RB"
"1657";"31615";"8.4";"2021";"5209";"RB"
"1658";"29539";"63.2";"2021";"5131";"RB"
"1659";"29413";"29";"2021";"5284";"RB"
"1660";"28219";"2.2";"2021";"6311";"RB"
"1661";"28196";"0.9";"2021";"5328";"DB"
"1662";"27589";"82.5";"2021";"4962";"RB"
"1663";"27436";"-0.1";"2021";"6334";"RB"
"1664";"27414";"58.9";"2021";"4985";"RB"
"1665";"27303";"26.3";"2021";"7794";"RB"
"1666";"27126";"122.1";"2021";"5967";"RB"
"1667";"26618";"0";"2021";"5100";"RB"
"1668";"26408";"2.2";"2021";"6908";"RB"
"1669";"26306";"7.1";"2021";NA;NA
"1670";"25859";"3.8";"2021";"7087";"RB"
"1671";"25582";"22.3";"2021";"6996";"RB"
"1672";"25512";"5.5";"2021";"6973";"RB"
"1673";"22425";"119.3";"2021";"6955";"RB"
"1674";"13750";"8";"2021";"7045";"RB"
"1675";"13014";"106.2";"2021";"5549";"RB"
"1676";"12888";"-0.3";"2021";"5271";"RB"
"1677";"12660";"17";"2021";"5170";"RB"
"1678";"12329";"10.1";"2021";"4718";"RB"
"1679";"12271";"34.9";"2021";"4455";"RB"
"1680";"12253";"2.8";"2021";"4651";"RB"
"1681";"12164";"205.9";"2021";"4663";"RB"
"1682";"12004";"34.2";"2021";"4273";"RB"
"1683";"11948";"5.4";"2021";"4226";"FB"
"1684";"11937";"140.8";"2021";"4199";"RB"
"1685";"11917";"40.9";"2021";"4219";"RB"
"1686";"11898";"4.8";"2021";"4152";"RB"
"1687";"11895";"10.5";"2021";"4150";"RB"
"1688";"11889";"62.9";"2021";"4149";"RB"
"1689";"11869";"49.6";"2021";"4147";"RB"
"1690";"11860";"160.8";"2021";"4137";"RB"
"1691";"11844";"54.6";"2021";"4111";"RB"
"1692";"11841";"79";"2021";"4098";"RB"
"1693";"11822";"111.5";"2021";"4035";"RB"
"1694";"11803";"189.1";"2021";"4018";"RB"
"1695";"11796";"144.1";"2021";"4029";"RB"
"1696";"11763";"94";"2021";"4034";"RB"
"1697";"11759";"154.7";"2021";"3969";"RB"
"1698";"11395";"2.9";"2021";"3868";"RB"
"1699";"11047";"84.3";"2021";"3664";"RB"
"1700";"10927";"29.9";"2021";"3594";"RB"
"1701";"10898";"0";"2021";"3546";"CB"
"1702";"10870";"2.6";"2021";"3391";"RB"
"1703";"10805";"49.1";"2021";"3327";"RB"
"1704";"10790";"8.2";"2021";"3312";"RB"
"1705";"10787";"3.5";"2021";"3309";"RB"
"1706";"10784";"52.3";"2021";"3306";"RB"
"1707";"10770";"88.3";"2021";"3209";"RB"
"1708";"10707";"68.5";"2021";"3242";"RB"
"1709";"10679";"137.7";"2021";"3198";"RB"
"1710";"10638";"140.3";"2021";"3164";"RB"
"1711";"9902";"12";"2021";"2588";"RB"
"1712";"9783";"3";"2021";"2749";"RB"
"1713";"9559";"55.4";"2021";"2431";"RB"
"1714";"9519";"35.9";"2021";"2391";"RB"
"1715";"9510";"24.8";"2021";"2382";"RB"
"1716";"9506";"32.8";"2021";"2378";"RB"
"1717";"9487";"27.7";"2021";"2359";"RB"
"1718";"9448";"117.1";"2021";"2320";"RB"
"1719";"9205";"24.3";"2021";"1833";"RB"
"1720";"8765";"17.4";"2021";"1848";"RB"
"1721";"8738";"79.9";"2021";"2168";"RB"
"1722";"8731";"12.3";"2021";"2161";"RB"
"1723";"8692";"20.6";"2021";"2257";"RB"
"1724";"7971";"44.6";"2021";"1387";"RB"
"1725";"7962";"45";"2021";"1476";"RB"
"1726";"7941";"0";"2021";"1525";"DB"
"1727";"7829";"5.2";"2021";"1408";"RB"
"1728";"7818";"26.7";"2021";"1386";"RB"
"1729";"7810";"158.9";"2021";"1535";"RB"
"1730";"7469";"69.5";"2021";"1034";"RB"
"1731";"6277";"0";"2021";"886";"RB"
"1732";"6180";"53.7";"2021";"956";"RB"
"1733";"3623";"8.2";"2021";"184";"RB"
"1734";"57063";"0";"2021";"7852";"FB"
"1735";"50714";"5.3";"2021";"5565";"FB"
"1736";"50293";"3.7";"2021";"6120";"DT"
"1737";"48956";"0";"2021";"4969";"DT"
"1738";"48862";"9.4";"2021";"4353";"FB"
"1739";"47121";"0";"2021";"6323";"FB"
"1740";"44889";"-1";"2021";"6379";"FB"
"1741";"44614";"0";"2021";"6948";"DT"
"1742";"40951";"1.2";"2021";"7204";"FB"
"1743";"40117";"2.1";"2021";"7318";"FB"
"1744";"38844";"0";"2021";"6293";"FB"
"1745";"38526";"0";"2021";"5345";"LB"
"1746";"36101";"0";"2021";"7941";"RB"
"1747";"35639";"1.4";"2021";"8025";"FB"
"1748";"34934";"13.2";"2021";"6109";"FB"
"1749";"32565";"5.6";"2021";"6202";"FB"
"1750";"27832";"0";"2021";"6188";"FB"
"1751";"27413";"3.5";"2021";"5116";"FB"
"1752";"14811";"0";"2021";"7499";"TE"
"1753";"13756";"-2";"2021";"7216";"FB"
"1754";"11347";"19.2";"2021";"3832";"FB"
"1755";"11300";"16.3";"2021";"3803";"RB"
"1756";"10832";"1.5";"2021";"3354";"FB"
"1757";"10810";"2.3";"2021";"3332";"FB"
"1758";"10705";"0";"2021";"3240";"DB"
"1759";"9601";"10";"2021";"2471";"FB"
"1760";"9465";"0";"2021";"2337";"DT"
"1761";"9302";"7.3";"2021";"2073";"FB"
"1762";"7912";"43.8";"2021";"1379";"FB"
"1763";"6515";"0.3";"2021";"815";"FB"
"1764";"6163";"0";"2021";"856";"DE"
"1765";"143786";"3.3";"2021";NA;NA
"1766";"84025";"24";"2021";"7694";"TE"
"1767";"83964";"127.8";"2021";"7553";"TE"
"1768";"66924";"0";"2021";"5409";"TE"
"1769";"60994";"7.2";"2021";"7891";"TE"
"1770";"60896";"2.1";"2021";"7554";"TE"
"1771";"51842";"51.1";"2021";"4741";"TE"
"1772";"47378";"0";"2021";"7854";"TE"
"1773";"47358";"2.9";"2021";"6529";"TE"
"1774";"47304";"117.1";"2021";"5001";"TE"
"1775";"47272";"127.8";"2021";"5022";"TE"
"1776";"47259";"6.6";"2021";"6001";"TE"
"1777";"47173";"0.6";"2021";"5196";"TE"
"1778";"47164";"7";"2021";"5009";"TE"
"1779";"47153";"86.4";"2021";"4993";"TE"
"1780";"47147";"0";"2021";"6308";"TE"
"1781";"47050";"23.9";"2021";"5032";"TE"
"1782";"46481";"-2";"2021";"6040";"TE"
"1783";"42388";"75.9";"2021";"5857";"TE"
"1784";"42353";"4.8";"2021";"7842";"TE"
"1785";"42266";"5.4";"2021";"6964";"TE"
"1786";"42196";"-1";"2021";"7597";"TE"
"1787";"42058";"1.4";"2021";"7946";"TE"
"1788";"40973";"5.1";"2021";"6146";"TE"
"1789";"40630";"11.7";"2021";"7602";"TE"
"1790";"40411";"-1";"2021";"6970";"TE"
"1791";"36403";"0";"2021";NA;NA
"1792";"30887";"-0.4";"2021";"5171";"TE"
"1793";"26394";"38.1";"2021";"6850";"TE"
"1794";"12239";"-1";"2021";"4647";"TE"
"1795";"11855";"32.8";"2021";"4144";"TE"
"1796";"9840";"0";"2021";"2944";"TE"
"1797";"9637";"81.1";"2021";"2505";"TE"
"1798";"9606";"27.8";"2021";"2476";"TE"
"1799";"9593";"11.6";"2021";"2463";"TE"
"1800";"9590";"77.7";"2021";"2460";"TE"
"1801";"9550";"5.5";"2021";"2422";"TE"
"1802";"8645";"13.5";"2021";"2118";"TE"
"1803";"7844";"168";"2021";"1466";"TE"
"1804";"7816";"87.9";"2021";"1339";"TE"
"1805";"7406";"1.6";"2021";"1718";"TE"
"1806";"6311";"11.5";"2021";"812";"TE"
"1807";"5619";"29.2";"2021";"616";"TE"
"1808";"143769";"0";"2021";"7622";"TE"
"1809";"109795";"26";"2021";"6869";"TE"
"1810";"94384";"14.9";"2021";"6665";"TE"
"1811";"91465";"10.2";"2021";"6075";"TE"
"1812";"91014";"34";"2021";"6074";"TE"
"1813";"84085";"74.9";"2021";"7600";"TE"
"1814";"77887";"29.3";"2021";"7568";"TE"
"1815";"66966";"0";"2021";"5269";"TE"
"1816";"62825";"0.1";"2021";"7502";"TE"
"1817";"60995";"53.8";"2021";"6826";"TE"
"1818";"60878";"4";"2021";"7828";"TE"
"1819";"60859";"0.1";"2021";"7535";"TE"
"1820";"52266";"-0.6";"2021";"6865";"TE"
"1821";"52008";"0";"2021";"7992";"TE"
"1822";"51837";"23.7";"2021";"4435";"TE"
"1823";"49408";"0";"2021";"6291";"DB"
"1824";"48369";"0.4";"2021";"6662";"TE"
"1825";"47743";"4.2";"2021";"7131";"TE"
"1826";"47436";"191.9";"2021";"5012";"TE"
"1827";"47412";"2.7";"2021";"7439";"TE"
"1828";"47338";"1.3";"2021";"6926";"TE"
"1829";"47311";"2.4";"2021";"6081";"TE"
"1830";"47307";"-1.7";"2021";"6089";"TE"
"1831";"47294";"31.1";"2021";"4973";"TE"
"1832";"47257";"37.7";"2021";"5008";"TE"
"1833";"47234";"0";"2021";"6894";"TE"
"1834";"47216";"5.3";"2021";"6137";"TE"
"1835";"47206";"0";"2021";"5253";"TE"
"1836";"47149";"2.2";"2021";"4362";"TE"
"1837";"47124";"75";"2021";"5133";"TE"
"1838";"47083";"3";"2021";"5973";"TE"
"1839";"47043";"48.3";"2021";"5985";"TE"
"1840";"47034";"22.6";"2021";"7050";"TE"
"1841";"42275";"35.8";"2021";"7716";"TE"
"1842";"42257";"6.9";"2021";"7075";"TE"
"1843";"42130";"14.5";"2021";"4995";"TE"
"1844";"42018";"4.5";"2021";"6181";"TE"
"1845";"41933";"50.5";"2021";"6843";"TE"
"1846";"40912";"82.1";"2021";"5844";"TE"
"1847";"40294";"0";"2021";"6956";"TE"
"1848";"40148";"0";"2021";"7972";"TE"
"1849";"37213";"0";"2021";"6164";"TE"
"1850";"36271";"0";"2021";"7308";"TE"
"1851";"36049";"15.6";"2021";"6018";"TE"
"1852";"35883";"103.6";"2021";"5906";"TE"
"1853";"34985";"0";"2021";"5235";"TE"
"1854";"34255";"0";"2021";"7703";"TE"
"1855";"30762";"33.6";"2021";"5010";"TE"
"1856";"29556";"-0.5";"2021";"5277";"TE"
"1857";"28305";"30.5";"2021";"7002";"TE"
"1858";"27766";"-1";"2021";"7288";"TE"
"1859";"25705";"0";"2021";"7427";"TE"
"1860";"24606";"10";"2021";"4468";"TE"
"1861";"20994";"11.2";"2021";"5285";"TE"
"1862";"12320";"17";"2021";"4571";"TE"
"1863";"12247";"12.4";"2021";"4443";"TE"
"1864";"12206";"1.3";"2021";"4314";"TE"
"1865";"12193";"31.8";"2021";"4602";"TE"
"1866";"12122";"-2.5";"2021";"4323";"TE"
"1867";"12078";"43.7";"2021";"4054";"TE"
"1868";"12051";"5.2";"2021";"4421";"TE"
"1869";"12020";"31.1";"2021";"4531";"TE"
"1870";"11929";"7.4";"2021";"4189";"TE"
"1871";"11909";"3.2";"2021";"4221";"TE"
"1872";"11901";"149.7";"2021";"4217";"TE"
"1873";"11800";"12";"2021";"4085";"TE"
"1874";"11799";"73.9";"2021";"4089";"TE"
"1875";"11784";"66.9";"2021";"4033";"TE"
"1876";"11778";"50.3";"2021";"4066";"TE"
"1877";"11774";"18";"2021";"4055";"TE"
"1878";"11439";"5.8";"2021";"3894";"TE"
"1879";"11160";"24.9";"2021";"3496";"TE"
"1880";"11062";"0";"2021";"3695";"TE"
"1881";"10744";"57.7";"2021";"3271";"TE"
"1882";"10728";"19.6";"2021";"3258";"TE"
"1883";"10715";"40.4";"2021";"3202";"TE"
"1884";"10669";"89";"2021";"3214";"TE"
"1885";"10320";"0";"2021";"3041";"TE"
"1886";"10211";"13.2";"2021";"3048";"TE"
"1887";"10144";"0";"2021";"2751";"TE"
"1888";"9786";"0.9";"2021";"2755";"TE"
"1889";"9679";"27.3";"2021";"2545";"TE"
"1890";"9604";"-1";"2021";"2474";"TE"
"1891";"9576";"30";"2021";"2446";"TE"
"1892";"9518";"23.1";"2021";"2390";"TE"
"1893";"9488";"33.6";"2021";"2360";"TE"
"1894";"9243";"0";"2021";"2869";"CB"
"1895";"9207";"26.6";"2021";"2214";"TE"
"1896";"8755";"35.2";"2021";"2251";"TE"
"1897";"8733";"0";"2021";"2146";"TE"
"1898";"8549";"5.6";"2021";"1592";"TE"
"1899";"8524";"-0.5";"2021";"1619";"TE"
"1900";"8520";"43.2";"2021";"1706";"TE"
"1901";"7982";"32.7";"2021";"1425";"TE"
"1902";"6256";"1.4";"2021";"963";"TE"
"1903";"6195";"32";"2021";"943";"TE"
"1904";"5567";"87.5";"2021";"515";"TE"
"1905";"5012";"62.8";"2021";"367";"TE"
"1906";"2973";"27.3";"2021";"111";"TE"
